氏名,氏名.カタカナ.,性別,学年,国語,数学,成績合計,身長,体重,クラス
住田佳織,スミダカオリ,女,3,91,99,190,154.9,51.2,A
野中辰男,ノナカタツオ,男,3,88,94,182,172.8,65.3,A
田村比呂志,タムラヒロシ,男,3,99,80,179,171.3,62.4,A
南部愛梨,ナンブアイリ,女,3,77,99,176,157.8,54.3,A
熊沢悠生,クマザワユウセイ,男,1,88,87,175,168.6,58.8,A
城戸健世,キドケンセイ,男,1,80,89,169,170.4,59.8,A
白井古都子,シライコトコ,女,3,81,86,167,160.4,57.6,A
古沢将斗,フルサワマサト,男,3,78,89,167,174.6,67.3,A
村山紗久子,ムラヤマサクコ,女,2,71,95,166,157.1,51.4,A
藤巻夏織,フジマキカオリ,女,3,74,91,165,153,50.6,A
長谷葉琉,ナガヤハル,男,3,84,81,165,167.9,60.4,A
秦志之介,ハタシノスケ,男,1,75,89,164,170.4,60.9,A
山川務,ヤマカワツトム,男,1,80,83,163,176.5,69.2,A
林颯明,ハヤシソウメイ,男,1,68,93,161,166.9,59.3,A
梅津紗悠希,ウメヅサユキ,女,1,89,71,160,153.7,47.7,A
西田章二,ニシダショウジ,男,3,84,76,160,172.7,65.4,A
菅野利奈,スガノリナ,女,3,79,80,159,156.4,50.5,A
小島節男,オジマセツオ,男,3,83,76,159,177.1,68.4,A
西口柚希,ニシグチユズキ,女,2,61,97,158,162.8,56.6,A
秦花織子,ハタカオルコ,女,3,67,91,158,153.2,46.8,A
和泉真春,イズミマハル,女,3,88,70,158,159.6,52.3,A
樋口冬愛,ヒグチトア,女,2,90,68,158,151.6,45.1,A
小川仁成,オガワヒトナリ,男,2,84,74,158,167.1,58.4,A
鈴木翔,スズキショウ,男,2,84,74,158,166,57.3,A
奥田隆吾,オクダリュウゴ,男,3,67,90,157,178.6,70.2,A
神野泰成,カミノタイセイ,男,3,75,82,157,168,59.4,A
梅原寧花,ウメハラシズカ,女,1,88,67,155,157.2,50.8,A
狩野悠生,カノウユウセイ,男,3,66,89,155,172.5,65,A
河本星夏,カワモトセナ,女,2,84,70,154,154.1,48.4,A
小泉冴,コイズミサエ,女,1,80,74,154,155.4,54.1,A
河村陽鞠,カワムラヒマリ,女,1,79,74,153,158.7,56.6,A
牧碧依,マキアオイ,女,1,73,80,153,161.1,56.7,A
椎名秋桜,シイナアキオ,女,1,81,72,153,159.9,55.8,A
小田希和,オダキワ,女,3,54,98,152,157.3,52.4,A
福沢早紀,フクザワサキ,女,2,84,67,151,160,57.2,A
西脇昭司,ニシワキショウジ,男,2,69,82,151,171.2,63.5,A
市川紬,イチカワツムギ,女,3,59,91,150,157.5,55.1,A
板橋明日花,イタバシアスカ,女,1,64,86,150,154.3,50.7,A
柿崎遥斗,カキザキハルト,男,2,78,72,150,171.9,63.9,A
秋元星哉,アキモトセイヤ,男,1,78,72,150,169.7,59.7,A
秋元公誠,アキモトコウセイ,男,2,68,82,150,172.8,64,A
柿崎花里奈,カキザキカリナ,女,2,70,78,148,155.6,51,A
篠原星空,シノハラセイア,男,3,70,76,146,169.4,63.7,A
前野夏也,マエノナツヤ,男,2,68,78,146,169.5,60.6,A
小沢芳男,オザワヨシオ,男,3,77,69,146,172.5,64.4,A
野村明菜,ノムラアキナ,女,1,67,78,145,152.7,49.5,A
久米千花,クメチカ,女,3,61,84,145,158.5,52.3,A
藤岡結弦,フジオカユヅル,男,1,77,68,145,169,61.5,A
矢田佳汰,ヤダケイタ,男,2,69,76,145,174,66.6,A
高橋彩夕花,タカハシアユカ,女,2,65,79,144,156.8,50.8,A
城戸歩,キドアユミ,女,1,72,72,144,157.2,53.2,A
石井心優,イシイミユ,女,1,61,83,144,160.6,54.5,A
吉澤沙菜,ヨシザワサナ,女,3,70,74,144,160.9,55.1,A
滋賀善太郎,シガゼンタロウ,男,3,80,64,144,171.4,62.1,A
小嶋心夢,オジマモトム,男,2,73,71,144,171,61.7,A
矢野広行,ヤノヒロユキ,男,1,75,69,144,171.1,62,A
小澤李杏,オザワリアン,女,2,75,68,143,156.9,52.2,A
田淵知佳,タブチチカ,女,3,70,73,143,149.1,44,A
小玉結愛,コダマユア,女,1,62,81,143,153.3,48.3,A
中尾阿弦,ナカオアヅル,男,3,70,73,143,172.5,64.5,A
坂口紫帆,サカグチシホ,女,3,56,86,142,160.6,53.9,A
塩谷春音,シオタニハルネ,女,1,68,74,142,158.3,53.5,A
狩野紗世,カノウサヨ,女,3,61,81,142,157.8,54.3,A
東野麻冬,ヒガシノマフユ,女,1,73,69,142,164.8,59.7,A
砂川彰仁,サガワアキヒト,男,3,66,76,142,166.8,59.1,A
桑田幸司,クワタコウジ,男,2,71,71,142,165.6,58.3,A
望月悠和,モチヅキユウワ,男,1,79,63,142,170,61.5,A
川田生鼓斗,カワダイコト,男,3,72,70,142,168.2,61,A
平塚秀幸,ヒラツカヒデユキ,男,3,74,68,142,165.3,57.5,A
植田ひらり,ウエダヒラリ,女,1,83,58,141,164,59.5,A
古谷帆乃香,フルヤホノカ,女,3,66,75,141,156.5,51.3,A
南秋仁,ミナミアキヒト,男,2,65,76,141,163.2,56.7,A
村瀬登美加,ムラセトミカ,女,2,66,74,140,157.2,54.7,A
湯川栞菜,ユカワカンナ,女,3,57,83,140,164.8,60.5,A
竹下彩那,タケシタサナ,女,2,71,69,140,151.3,47.5,A
金城将也,カナシロマサヤ,男,2,65,75,140,168.5,58.6,A
大内武信,オウウチタケノブ,男,1,53,87,140,167.4,61.5,A
桑田蒼志,クワタソウシ,男,3,60,80,140,171.1,63.6,A
山城陽鞠,ヤマシロヒマリ,女,3,58,81,139,159.8,54.3,A
大野菜花,オオノナノカ,女,1,65,74,139,160.9,53.8,A
矢野瑛梨,ヤノエリ,女,3,61,78,139,160,55.1,A
福元冬翔,フクモトフユト,男,2,64,75,139,172.7,64.4,A
林田玄兎,ハヤシダゲント,男,1,72,67,139,170.3,62.4,A
秋本英士朗,アキモトエイシロウ,男,1,51,88,139,166.8,58.7,A
西本嬉春姫,ニシモトハスキ,女,1,71,67,138,159,54.5,A
宮脇真衣,ミヤワキマイ,女,2,80,58,138,160.1,56.9,A
舟木花里奈,フナキカリナ,女,3,75,63,138,155,52,A
中尾七惺,ナカオナナセ,男,3,65,73,138,172.5,63.3,A
川西里咲,カワニシリサ,女,3,56,81,137,158.8,56,B
寺田美大,テラダミト,女,3,59,78,137,155.8,49.7,B
千田圭介,センダケイスケ,男,2,64,73,137,172.9,64.6,B
土田沙也加,ツチダサヤカ,女,3,68,68,136,155.7,50.7,B
唐沢鈴珠歌,カラサワスズカ,女,1,65,71,136,158.7,52.4,B
石坂金次,イシザカキンジ,男,2,64,72,136,173.4,65.9,B
吉澤悠雅,ヨシザワユウガ,男,1,55,81,136,170.6,62.7,B
富沢舞邦翔,トミザワマホト,男,3,70,66,136,175.1,68.8,B
吉野比呂輝,ヨシノヒロキ,男,2,72,64,136,172.4,63.8,B
柳原風音,ヤナギハラカザネ,女,3,60,75,135,152.3,48.2,B
北原涼花,キタハラスズカ,女,1,69,66,135,161.4,56.3,B
下村来雅子,シモムラコマコ,女,3,63,72,135,158,53.4,B
高橋那音,タカハシナオト,男,2,58,77,135,168.8,60.2,B
杉山有宇,スギヤマユウ,男,2,61,74,135,170.7,61,B
滝川穂澄,タキガワホズミ,男,3,57,78,135,169.2,61.1,B
秋山貴陽,アキヤマキハル,男,3,53,82,135,169.5,61.9,B
中本正,ナカモトタダシ,男,3,85,50,135,168.1,61,B
谷村政次,タニムラマサツグ,男,2,54,81,135,171.9,61.9,B
竹本美月,タケモトミツキ,女,1,78,56,134,157.4,50,B
大原梓,オオハラアズサ,女,2,57,77,134,163,58.6,B
蛭田篤,ヒルタアツシ,男,3,66,68,134,166.8,60,B
菅原佑海,スガハラウミ,男,2,67,67,134,171.9,62.2,B
高原悠平,タカハラユウヘイ,男,3,61,73,134,165.7,61.5,B
喜多希実,キタノゾミ,女,2,73,60,133,153.2,48.2,B
須藤仁愛,スドウニイナ,女,3,48,85,133,162.1,55,B
野本寧々香,ノモトネネカ,女,2,71,62,133,158,54.9,B
川本理恵,カワモトリエ,女,3,71,62,133,161.1,58.2,B
岩田七海,イワタナナミ,女,3,51,82,133,163.8,57.8,B
新川善四郎,シンカワゼンシロウ,男,3,64,69,133,174.2,65.8,B
古屋咲良,フルヤサラ,女,2,65,67,132,153.7,48,B
柳沢彩衣花,ヤナギサワアイカ,女,1,64,68,132,155.6,49.9,B
水野麗奈,ミズノレナ,女,2,68,64,132,153.4,49.8,B
梶莉彩,カジリサ,女,3,63,69,132,158.1,54.6,B
橋口深桜,ハシグチミオ,女,3,60,72,132,155.2,51.9,B
板垣和奏,イタガキワカナ,女,1,39,93,132,159.1,54.4,B
飯田郁,イイダイク,女,1,51,81,132,158.1,54.1,B
藤森風冴,フジモリフウガ,男,2,71,61,132,168.3,58.9,B
小杉諒人,コスギアキト,男,3,64,68,132,173,62.7,B
伏見光信,フシミミツノブ,男,3,68,64,132,170.3,63.5,B
福島清二,フクシマセイジ,男,2,60,72,132,167,57.7,B
進藤央悠,シンドウヒサチカ,男,2,57,75,132,174.3,66.1,B
黒澤一千琉,クロサワイチル,男,1,49,83,132,165.4,58.3,B
島崎和茂,シマザキカズシゲ,男,3,72,60,132,175.3,67.2,B
下川琴乃香,シモカワコノカ,女,2,56,75,131,159.8,52.9,B
植村碧依,ウエムラアオイ,女,3,62,69,131,154.1,51,B
福地莉央,フクチリオ,女,2,65,66,131,164.4,58.9,B
向井颯哉,ムカイソウヤ,男,3,62,69,131,174.2,65.4,B
織田紗夕,オダサユ,女,3,53,77,130,158.3,53.8,B
小暮麻莉奈,コグレマリナ,女,2,71,59,130,156.7,54.8,B
尾崎愛海,オザキマナミ,女,3,68,62,130,162,57.2,B
川名碧希,カワナアイキ,男,2,58,72,130,165.7,57.8,B
田辺小次郎,タナベコジロウ,男,3,76,54,130,170.4,62.3,B
堀江拓馬,ホリエタクマ,男,2,64,66,130,167.8,58.3,B
垣内明夫,カキウチアキオ,男,2,64,66,130,165.5,57.7,B
浜田隆貴,ハマダリュウキ,男,3,58,72,130,175,64.9,B
小畑侑賀,オバタユウガ,男,1,69,61,130,163.1,55.2,B
横川由里子,ヨコカワユリコ,女,1,73,56,129,157.7,54.8,B
片岡康代,カタオカヤスヨ,女,1,58,71,129,155.4,50.6,B
鶴岡柚海,ツルオカユウ,男,3,62,67,129,173.7,65.1,B
平松絢斗,ヒラマツケント,男,3,61,68,129,170.3,61,B
東海林宙奈,ショウジソナ,女,1,47,81,128,161.4,54,B
宮原登美子,ミヤハラトミコ,女,2,66,62,128,155.6,50.4,B
新川彩胡,シンカワアコ,女,3,68,60,128,150.9,45.7,B
内野舞人,ウチノマイト,男,1,65,63,128,169.3,61.1,B
大下星哉,オオシタセイヤ,男,3,69,59,128,170.2,62.5,B
澤田航太,サワダコウタ,男,2,68,60,128,170.3,62.5,B
細田初弥,ホソダハツヤ,男,3,63,65,128,169.4,62,B
藤島聡,フジシマサトシ,男,3,61,67,128,170.2,61.3,B
塩崎史人,シオザキフミヒト,男,2,60,68,128,165.2,56.8,B
安田知世,ヤスダチセ,女,2,65,62,127,156.4,51.8,B
原口有沙,ハラグチアリサ,女,3,44,83,127,162.4,57.4,B
根岸栞菜,ネギシカンナ,女,3,58,69,127,157,55.3,B
三木紗季,ミキサキ,女,2,48,79,127,163.7,59.3,B
神戸李都,コウベリト,男,1,40,87,127,174.7,64.4,B
工藤奏詞,クドウソウシ,男,1,61,66,127,173.9,65.1,B
柳田鈴寧,ヤナギダスズネ,女,1,55,71,126,153.9,47.9,B
浅見咲和美,アサミサワミ,女,2,66,60,126,152.1,49.4,B
江頭聖音,エガシラセノン,女,2,40,86,126,158.6,53.3,B
藤崎明彦,フジザキアキヒコ,男,3,67,59,126,168.8,59.8,B
横尾裕羽,ヨコオユウワ,男,1,77,49,126,174.2,66,B
広瀬敏哉,ヒロセトシヤ,男,1,62,64,126,170.3,62.1,B
相沢孝通,アイザワタカミチ,男,3,60,66,126,167.5,59.9,B
高原冬和,タカハラトワ,男,3,67,59,126,169.7,63.4,B
高坂剛心,コウサカゴウシン,男,3,51,75,126,164.2,56.6,B
鈴木千翠,スズキチアキ,男,2,66,60,126,169.7,60.4,B
山内愛葵,ヤマウチアイキ,男,1,55,71,126,160.4,52.7,B
竹村翔琉,タケムラカケル,男,1,69,56,125,170.4,61.4,C
伊東歌佑,イトウカユウ,男,1,57,68,125,172,61.8,C
宇田川久吉,ウダガワヒサキチ,男,2,49,76,125,166,57.4,C
熊倉柚真,クマクラユズマ,男,2,60,65,125,169.9,62.7,C
中里輝心翔,ナカザトカナト,男,1,44,81,125,164.1,54.9,C
浅沼晴太,アサヌマセイタ,男,3,49,76,125,170.4,61,C
高野陽裕,タカノヨウスケ,男,3,65,60,125,172.8,64.6,C
沖田鉄夫,オキタテツオ,男,3,58,67,125,170,61.5,C
平山駿太朗,ヒラヤマシュンタロウ,男,2,57,68,125,169.8,59.1,C
畠山碧仁,ハタケヤマアオト,男,1,60,65,125,174.4,66.9,C
沼田真悠,ヌマタマユ,女,1,61,63,124,154.4,49.9,C
笠井未来,カサイミク,女,3,59,65,124,160.8,53.5,C
沢井大瑚,サワイダイゴ,男,3,54,70,124,163.6,55.3,C
小林周大,コバヤシシュウダイ,男,1,73,51,124,172.6,61.4,C
川端風舞季,カワバタフブキ,女,3,51,72,123,155.6,49.9,C
岡藍里,オカアイリ,女,1,59,64,123,158,54.4,C
大畑泰次,オオハタタイジ,男,3,67,56,123,167.4,59.2,C
峰陽大,ミネハルト,男,2,45,78,123,171.6,63.5,C
塚田桃李,ツカダトウリ,男,3,63,60,123,171.7,64.7,C
高見爽志,タカミソウシ,男,2,79,44,123,170.1,61,C
小山田美智子,オヤマダミチコ,女,1,63,59,122,159.8,53.4,C
平良紗季子,ヒラヨシサキコ,女,1,70,52,122,157.7,52.1,C
手塚幸穂,テヅカサチホ,女,1,57,65,122,153.2,50,C
名取瑛太郎,ナトリエイタロウ,男,3,65,57,122,174.1,64.6,C
森川正幸,モリカワマサユキ,男,2,71,51,122,170.6,60.5,C
堀内雅彦,ホリウチマサヒコ,男,3,54,68,122,171.6,63.8,C
相沢礼樹,アイザワアヤキ,男,2,63,59,122,172.6,62.2,C
上野大夢,アガノヒロム,男,3,48,74,122,172.7,63.6,C
松村百華,マツムラモモカ,女,1,59,62,121,154.8,50.3,C
白鳥庵,シラトリイオリ,女,1,64,57,121,161.7,57.1,C
高津史佳,タカツフミカ,女,2,61,60,121,160.3,57.5,C
紺野啓次郎,コンノケイジロウ,男,3,57,64,121,174.8,64.9,C
千田那音,センダナオト,男,3,68,53,121,170.4,60.1,C
長谷春治,ナガヤハルジ,男,3,60,61,121,168.6,58.8,C
伴陽鞠,バンヒマリ,女,3,61,59,120,160.3,55.8,C
市村咲咲,イチムラサエ,女,1,61,59,120,152.9,46.8,C
田中理留,タナカリル,女,1,64,56,120,157.9,51.3,C
増山楓都,マスヤマフウト,男,2,63,57,120,170.1,62.4,C
小峰莉緒,コミネリオ,女,1,66,53,119,161.7,57.3,C
皆川史桜,ミナガワシオウ,男,1,69,50,119,173.8,65.4,C
中原史斗,ナカハラフミト,男,1,54,65,119,165.8,56.3,C
田口涼太,タグチリョウタ,男,2,57,62,119,172.1,63,C
宍戸宙真,シシドソラマ,男,1,67,52,119,164.4,55,C
氏家歩未翔,ウジイエフミト,男,1,47,72,119,170.6,62.1,C
寺内保雄,テラウチヤスオ,男,2,55,64,119,168.8,61.2,C
大浦清佳,オオウラセイカ,女,3,55,63,118,157.2,50.9,C
三上芽愛子,ミカミメイコ,女,3,54,63,117,153.5,49.8,C
白木早百合,シラキサユリ,女,1,59,58,117,159.9,51.5,C
西田春,ニシダハル,女,1,60,57,117,158.8,56.9,C
矢島歩海子,ヤジマホウコ,女,2,65,52,117,155,52.1,C
津村愛衣羽,ツムラアイハ,女,1,50,67,117,154.6,50.3,C
玉木晴華,タマギハルカ,女,3,41,76,117,155.1,51.8,C
高原彩香,タカハラアヤカ,女,1,41,76,117,158.2,53.2,C
松原椛,マツバラモミジ,女,2,54,63,117,153.1,50,C
徳田聡介,トクダソウスケ,男,1,43,74,117,172,63.8,C
南田玄理,ミナミダゲンリ,男,2,57,60,117,162.1,53.4,C
山村理貴人,ヤマムラリキト,男,1,54,63,117,168.4,59.1,C
安部治虫,アベオサム,男,2,51,66,117,172.1,63.1,C
伊東昊空,イトウソラ,男,1,57,60,117,167.3,56.9,C
米山日和,コメヤマヒヨリ,女,3,63,53,116,160,54.5,C
早川操,ハヤカワミサオ,女,3,53,63,116,156.5,50.2,C
大崎桃子,オオサキモモコ,女,2,60,56,116,152.6,47.2,C
渋谷唯花,シブヤユイカ,女,1,68,48,116,154.6,47.9,C
石川夏夜音,イシカワカヤネ,女,2,56,60,116,159.2,54.2,C
板倉喜久男,イタクラキクオ,男,3,65,51,116,171.6,64.1,C
山岡凛香,ヤマオカリンカ,女,1,48,67,115,158.6,51.9,C
井原葵衣,イハラアオイ,女,2,59,56,115,157.3,54,D
関本純恋,セキモトスミレ,女,3,50,65,115,154.5,50.8,D
望月瑠樹,モチヅキルキ,女,3,57,58,115,161.2,56,D
尾形飛空,オガタトア,男,3,49,66,115,170,61.5,D
吉崎心人,ヨシザキアイト,男,1,42,73,115,174.3,65.7,D
大滝洋,オオタキヒロシ,男,1,57,58,115,168.5,57.9,D
藤森昴,フジモリスバル,男,2,59,56,115,168.8,59.9,D
進藤理玖,シンドウリク,男,1,57,58,115,171.2,61.7,D
小嶋祐奈,オジマユウナ,女,3,58,56,114,156.2,52.4,D
宮川海荷,ミヤカワウミカ,女,2,49,65,114,155.4,50.4,D
河野彩奈,カワノアヤナ,女,2,52,62,114,156.7,52.5,D
金子愛桜,カネコアイサ,女,2,57,57,114,161.3,56.4,D
羽田愛莉,ハタアイリ,女,3,53,61,114,160.4,55.5,D
尾上ゆずり,オガミユズリ,女,2,50,64,114,159.6,51.9,D
橋爪英光,ハシヅメヒデミツ,男,2,58,56,114,171.4,62.8,D
上田隆聖,ウエダリュウセイ,男,2,47,67,114,173.2,62.4,D
渥美雄翔,アツミカズト,男,1,55,59,114,163.9,56,D
陳夏弥乃,チンカヤノ,女,2,43,70,113,160.6,56.6,D
伊藤冬愛,イトウトア,女,2,63,50,113,158.7,54.2,D
井出沙都希,イデサツキ,女,1,55,58,113,153.8,47.9,D
大澤杏夏,オオサワキョウカ,女,1,50,63,113,163.9,56.6,D
森山安奈,モリヤマアンナ,女,2,55,58,113,156.9,51.3,D
八木寧花,ヤギシズカ,女,2,55,58,113,159.6,52,D
小堀花衣,コボリカエ,女,2,62,51,113,155.4,51.8,D
泉季子,イズミキコ,女,3,60,53,113,154.8,48.7,D
三谷勇星,ミタニユウセイ,男,3,61,52,113,173.9,62.2,D
難波幸次郎,ナンバコウジロウ,男,2,55,58,113,174.3,65.6,D
水口颯斗,ミズグチハヤト,男,3,54,59,113,171.3,65.9,D
浅野歌舞斗,アサノカブト,男,1,48,65,113,168.8,60.4,D
榎本花乃,エノモトカノ,女,3,58,54,112,156.3,52.3,D
熊谷楓華,クマガヤフウカ,女,3,69,43,112,160.7,57.3,D
西口紗羽,ニシグチサワ,女,3,51,61,112,158.4,53.3,D
波多野桂花,ハタノケイカ,女,3,54,58,112,157.9,55.9,D
齋藤柚結,サイトウユユ,女,3,51,61,112,160.2,55,D
小寺紗千花,オデラサチカ,女,3,56,56,112,158.9,55,D
成田富士夫,ナリタフジオ,男,2,54,58,112,175,66.2,D
影山冬悟,カゲヤマトウゴ,男,2,84,28,112,167.8,61.1,D
寺沢幸翼,テラサワコウスケ,男,1,52,60,112,166.6,59.2,D
佐久間幸輝,サクマコウキ,男,2,49,63,112,171.5,63.3,D
小久保正之,コクボマサユキ,男,3,36,76,112,173.4,64.8,D
宮下一望,ミヤシタヒトミ,女,2,51,60,111,159.1,54.9,D
滝田文,タキタアヤ,女,2,43,68,111,159.4,56,D
佐竹美萩,サタケミハギ,女,3,48,63,111,157.5,53.6,D
渡邊由利子,ワタナベユリコ,女,3,50,61,111,157.3,52.2,D
横尾勇一,ヨコオユウイチ,男,1,53,58,111,169.3,61.5,D
岩下優空,イワシタユウク,男,3,59,52,111,171.4,63.1,D
村木快晴,ムラキカイセイ,男,1,51,60,111,170.7,63.2,D
児島勇駿,コジマユウシュン,男,1,59,52,111,161.9,55.5,D
根岸利吉,ネギシリキチ,男,1,50,61,111,168.3,60.6,D
長谷川夏夜,ハセガワカヤ,女,3,59,51,110,157,52.4,D
森脇菜々美,モリワキナナミ,女,3,50,60,110,162.4,54.5,D
荻原林檎,オギワラリンゴ,女,3,66,44,110,157.5,52.7,D
稲垣音葉,イナガキオトハ,女,2,45,65,110,155.4,50.9,D
岡田果音,オカダカノン,女,2,34,76,110,159.1,52.7,D
花井将吾,ハナイショウゴ,男,1,51,59,110,170,62.4,D
新谷里樹,アラヤリキ,男,3,50,60,110,170.9,61.2,D
溝口雅典,ミゾグチマサノリ,男,3,47,63,110,168.4,62.5,D
矢田芳明,ヤダヨシアキ,男,3,56,54,110,172.2,61.5,D
外山富男,ソトヤマトミオ,男,1,47,63,110,174.8,66.1,D
平塚与,ヒラツカアタル,男,2,48,62,110,171.6,65.7,D
佐々木聡之介,ササキソウノスケ,男,2,51,59,110,175.6,63.2,D
坂東心咲,バンドウアイラ,女,2,58,51,109,157.1,52.9,D
芦田陽葵,アシダヒマリ,女,3,52,57,109,154.9,50.3,D
青柳芽依,アオヤギメイ,女,2,52,57,109,158,54.1,D
大村奈柚,オオムラナユ,女,2,50,59,109,150.4,46.5,D
植松桃実,ウエマツモモミ,女,3,56,53,109,156.8,51.8,D
坪田桂花,ツボタケイカ,女,1,58,51,109,155.4,50.4,D
神野京路,カミノキョウジ,男,1,53,56,109,166.8,57.3,D
柳沢賢世,ヤナギサワケンセイ,男,2,52,57,109,167.9,60.7,D
坂田佑,サカタユウ,男,2,72,37,109,165.7,57.1,D
奈良和彦,ナラカズヒコ,男,2,44,65,109,171.5,63,D
田端綾音,タバタアヤネ,女,3,49,59,108,159.5,54.3,D
江頭晏,エガシラアン,女,2,46,62,108,158.9,54,D
本多仁美,ホンダヒトミ,女,1,56,52,108,155.1,49.9,D
垣内結愛子,カキウチユイコ,女,2,47,61,108,153.9,48.9,D
日野勝彦,ヒノカツヒコ,男,1,52,56,108,169.9,58.4,D
平沢弓槻,ヒラサワユツキ,男,1,48,60,108,163.9,56.5,D
江原洋司,エバラヨウジ,男,1,50,58,108,165,55.1,E
小沢洋一,オザワヨウイチ,男,3,37,71,108,173.3,66.7,E
寺島悠夢,テラシマハルム,男,1,51,57,108,166.2,58.4,E
大村総士,オオムラソウシ,男,2,39,69,108,170.2,63.4,E
赤塚幸運,アカツカユキカズ,男,3,55,53,108,170.7,62.4,E
北原仁愛,キタハラニイナ,女,3,55,52,107,158.3,54.4,E
古山菜乃花,フルヤマナノカ,女,1,59,48,107,156.4,50.1,E
田所依桜,タドコロイオ,女,1,50,57,107,153.8,47.6,E
長友依桜,ナガトモイオ,女,1,51,56,107,152,49.4,E
川端穂乃香,カワバタホノカ,女,1,60,47,107,155.1,52.8,E
武井柊晴,タケイシュウセイ,男,3,51,56,107,170.3,61.7,E
二瓶要,ニヘイカナメ,男,2,35,72,107,166.7,61.1,E
宮原海浬,ミヤハラカイリ,男,2,44,63,107,170.1,63,E
木下吉明,キノシタヨシアキ,男,1,50,57,107,168.4,56.9,E
志村泰生,シムラタイセイ,男,3,45,62,107,167.2,59.9,E
中原輝心,ナカハラキシン,男,1,47,60,107,174.4,64.7,E
堀江蒼河,ホリエソウガ,男,3,67,40,107,173,64.4,E
滝田敏雄,タキタトシオ,男,1,47,60,107,163.1,54.5,E
笠原聖真,カサハラショウマ,男,1,35,72,107,175,68.8,E
村田美樹,ムラタミキ,女,1,47,59,106,159.7,55.2,E
那須奈央,ナスナオ,女,2,53,53,106,158.4,54.5,E
栗山菜乃葉,クリヤマナノハ,女,1,51,55,106,159.1,53.8,E
藤森敬子,フジモリケイコ,女,2,55,51,106,153.5,48.2,E
船橋秀男,フナバシヒデオ,男,2,46,60,106,169,58.8,E
野間恵一,ノマケイイチ,男,2,39,67,106,175.2,64.3,E
小西健聖,コニシケンセイ,男,2,45,61,106,170.8,63.1,E
米田虎徹,ヨネダコテツ,男,3,52,54,106,172.3,64.1,E
岡雅保,オカマサヤス,男,2,54,52,106,173.4,63.2,E
宇佐美律生,ウサミリツキ,男,1,67,39,106,170.6,61,E
辻本音姫,ツジモトオトメ,女,2,46,59,105,162.5,58.6,E
玉木朱夏,タマギアヤカ,女,2,43,62,105,162.8,55.9,E
神戸帆真礼,ゴウドホマレ,男,1,61,44,105,169.7,60.1,E
柿崎蒼志,カキザキソウシ,男,1,44,61,105,168.6,62.3,E
秦宙真,ハタソラマ,男,2,48,57,105,171.5,63.8,E
梅村郁斗,ウメムラフミト,男,2,48,57,105,169.8,62.3,E
篠崎静夫,シノザキシズオ,男,1,54,51,105,170.9,63.1,E
古川志月,フルカワシヅキ,男,1,47,58,105,167.7,58,E
関口紫苑,セキグチシオン,女,1,50,54,104,154,52,E
立川凛香,タチカワリンカ,女,1,40,64,104,159.7,54.5,E
池上夏央子,イケガミカオコ,女,2,56,48,104,151.4,48,E
梅沢冬子,ウメザワトウコ,女,2,47,57,104,155.1,51.4,E
堀井奈緒,ホリイナオ,女,1,42,62,104,158.5,53.2,E
池本達希,イケモトタツキ,男,2,46,58,104,167,59.2,E
稲村千翠,イナムラチアキ,男,1,56,48,104,163.6,56.8,E
筒井一歩輝,ツツイイブキ,男,3,57,47,104,173.3,66.2,E
東野奏翔,ヒガシノカナト,男,3,53,51,104,165.8,58.9,E
中山実,ナカヤマミノル,男,1,42,62,104,166.9,57.7,E
吉川義昭,ヨシカワヨシアキ,男,3,53,51,104,170.6,62.1,E
佐久間秀実,サクマヒデミ,男,2,42,62,104,173.4,64.5,E
北岡健志,キタオカケンシ,男,1,68,36,104,166.3,60.3,E
日野空斗,ヒノクウト,男,1,48,56,104,172.1,61.7,E
白井祥都,シライサキト,男,2,58,46,104,173.1,65.1,E
畑中凜花,ハタナカリンカ,女,2,54,49,103,158.2,53.4,E
秋山花,アキヤマハナ,女,1,54,49,103,158.5,53.6,E
児島桜蘭,コジマサクラ,女,1,48,55,103,157.9,53,E
二宮琴都美,ニノミヤコトミ,女,3,30,73,103,158.6,55.9,E
垣内雪弥,カキウチユキヤ,男,3,63,40,103,170.5,64.6,E
岩間葉久人,イワマハクト,男,3,57,46,103,171,62.7,E
深田嶺渡,フカダミネト,男,2,43,60,103,168.9,61.4,E
飯島玄朱,イイジマトウジュ,男,2,47,56,103,176.9,66.7,E
大関按,オオゼキアン,女,3,41,61,102,155.2,51.8,E
藤田美音,フジタミオン,女,3,51,51,102,156.5,52.1,E
明石亜美,アカイシアミ,女,2,49,53,102,159.5,52.9,E
中根優奈,ナカネユウナ,女,1,46,56,102,160.8,54.4,E
尾形姫花,オガタヒメカ,女,1,63,39,102,153,47.1,E
中西詩,ナカニシウタ,女,2,41,61,102,161.5,56.9,E
佐竹侑志,サタケユウシ,男,1,47,55,102,168,58.4,E
三村満,ミムラミツル,男,3,49,53,102,169.8,61.9,E
長尾誠之介,ナガオセイノスケ,男,2,53,49,102,169,61.6,E
上山愛優子,カミヤマアユコ,女,2,50,51,101,155.2,48.7,E
平尾按,ヒラオアン,女,1,47,54,101,155.3,48.9,E
丸山菜穂子,マルヤマナホコ,女,2,53,48,101,154.7,50.3,E
古田鈴夏,フルタスズカ,女,1,56,45,101,160.6,56,E
須田千夏,スダチナツ,女,2,42,59,101,152.7,49.8,E
市川秀加,イチカワヒデカ,女,3,46,55,101,159.5,55,E
井手蒼海,イデアオイ,男,1,57,44,101,168.8,57.7,E
越智賢匠,オチケンショウ,男,3,60,41,101,170.3,63.2,E
田辺充,タナベミツル,男,1,55,46,101,179,69.5,E
青木暖奈,アオキハルナ,女,3,50,50,100,161.9,57,E
三橋春那由,ミハシハナユ,女,1,52,48,100,157.7,52.7,E
大友ひめか,オオトモヒメカ,女,3,48,52,100,153.3,47.8,E
笹森環,ササモリタマキ,女,1,37,63,100,159.7,54.9,E
宮沢小夜香,ミヤザワサヤカ,女,1,59,41,100,154.7,48.1,E
笹川健太朗,ササガワケンタロウ,男,1,42,58,100,164.3,55.3,E
三田匠歩,ミタタクホ,男,3,41,59,100,172.2,62.7,F
並木琉聖,ナミキリュウセイ,男,2,41,59,100,172.3,61.9,F
小峰達男,コミネタツオ,男,1,43,57,100,172.1,64.2,F
斉藤楓冴,サイトウフウガ,男,1,53,47,100,171.5,62.9,F
上野蒼乃,アガノアオノ,女,2,38,61,99,158.5,52.7,F
日下部美玲,クサカベミレイ,女,1,43,56,99,157.3,53.3,F
福山加奈子,フクヤマカナコ,女,1,57,42,99,155.7,50.2,F
相川由依,アイカワユイ,女,1,52,47,99,155.1,49.2,F
田尻幸,タジリサチ,女,2,40,59,99,159.8,54.2,F
大嶋元輝,オオシマゲンキ,男,2,33,66,99,175.8,68.3,F
小笠原三喜,オガサワラミキ,男,2,36,63,99,166.1,62.4,F
大川隆星,オオカワリュウセイ,男,3,53,46,99,169.9,62.4,F
秦志季,ハタシキ,男,3,49,50,99,173.1,66.8,F
藤崎舞邦翔,フジザキマホト,男,2,49,50,99,165.6,56.9,F
大前栄三郎,オオマエエイザブロウ,男,2,47,52,99,174.5,64.8,F
稲垣卯乃羽,イナガキウノハ,女,3,43,55,98,160.5,54.1,F
角田由愛子,カクタユメコ,女,2,52,46,98,159.6,53.5,F
波多野花蓮,ハタノカレン,女,2,48,50,98,157.8,55.3,F
落合彩子,オチアイアヤコ,女,1,45,53,98,154.1,50.6,F
横川和歌乃,ヨコカワワカノ,女,2,52,46,98,162.4,58.6,F
本間賢,ホンマケン,男,3,47,51,98,164.9,55.9,F
神戸愛輝,コウベアイキ,男,1,57,41,98,166.7,57.7,F
猪俣由起夫,イノマタユキオ,男,2,51,47,98,165.1,56.3,F
松田風舞,マツダフウマ,男,3,41,57,98,171.6,63.8,F
及川大和,オイカワヤマト,男,2,56,42,98,173.2,65.1,F
大関真一,オオゼキシンイチ,男,1,41,57,98,169.3,63.2,F
岡崎一冴,オカザキイッサ,男,2,45,53,98,174.5,64.8,F
大高実,オオダカミノル,男,2,52,46,98,170.4,61.1,F
北川一之進,キタガワイチノシン,男,3,42,56,98,167.9,58.9,F
大和真幸,ダイワマサキ,男,3,48,50,98,176.6,66.9,F
森島遼河,モリシマリョウガ,男,2,44,54,98,175,66.3,F
矢吹明瑠,ヤブキアクル,男,3,51,47,98,169.7,62.3,F
小関玄乃介,オゼキゲンノスケ,男,2,55,43,98,171.8,64,F
塩谷愛奈,シオタニメグナ,女,3,39,58,97,159.2,57.2,F
長田翼,ナガタツバサ,男,3,43,54,97,168,60.4,F
佐野颯季,サノサツキ,男,3,43,54,97,170.5,63.3,F
井村徹子,イムラテツコ,女,2,50,46,96,163.8,57.6,F
高嶋佐和子,タカシマサワコ,女,3,44,52,96,155.5,51.8,F
宮田爽子,ミヤタソウコ,女,1,58,38,96,160.6,55.5,F
松島杏樹,マツシマアンジュ,女,3,37,59,96,152.3,49.1,F
大西奏海,オオニシカナミ,女,1,49,47,96,154.7,50.4,F
吉沢千夜,ヨシザワチヤ,女,3,50,46,96,157.2,52,F
永野湊音,ナガノミナト,男,2,40,56,96,171.2,64.2,F
川島要大,カワシマカナタ,男,2,31,65,96,171.3,60.7,F
小宮篤己,コミヤアツキ,男,1,47,49,96,165.8,56.7,F
浅野貞一,アサノテイイチ,男,1,46,50,96,170.2,61.6,F
保坂勝李,ホサカショウリ,男,1,50,46,96,167.5,58.2,F
赤木佳祐,アカギケイスケ,男,2,53,43,96,171.6,62,F
大城宏翔,オオシロヒロト,男,1,39,57,96,168,60,F
塩崎悠仁,シオザキヒサヒト,男,2,39,57,96,170.4,63,F
小山田空飛,オヤマダアサヒ,男,2,55,41,96,169.3,60.8,F
木原琴,キハラコト,女,2,42,53,95,154.1,50.6,F
丹羽明莉,タンバアカリ,女,1,39,56,95,161,56.8,F
堀江怜那,ホリエレイナ,女,3,36,59,95,158.1,54,F
野中臣音,ノナカオミト,男,3,61,34,95,174.4,65.1,F
木下隆星,キノシタリュウセイ,男,3,51,44,95,171.2,65.3,F
竹下明彦,タケシタアキヒコ,男,1,30,65,95,170.3,60.3,F
小高律汰,オダカリッタ,男,3,47,48,95,170.3,60.1,F
平川心彩,ヒラカワミアヤ,女,3,48,46,94,157.6,52.9,F
高見瑠亜,タカミルア,女,2,48,46,94,158,55,F
平田萌奏,ヒラタモカナ,女,3,52,42,94,153.8,47.7,F
小森陽依,コモリヒヨリ,女,2,37,57,94,161.3,57.4,F
秋本哲史,アキモトテツシ,男,3,45,49,94,169.2,61.7,F
羽田聖紘,ハタマサヒロ,男,2,56,38,94,162.6,57,F
神戸将斗,コウベマサト,男,2,44,50,94,166.1,59,F
森口文一,モリグチブンイチ,男,3,60,34,94,172.2,65.6,F
北岡侑志,キタオカユウシ,男,3,37,57,94,165.2,57.6,F
原瑠樹,ハラルキ,男,2,28,66,94,173.1,65.7,F
松本瑠輝,マツモトルキ,男,1,30,64,94,166.7,57.8,F
羽鳥聡師,ハトリサトシ,男,3,52,41,93,173.7,63.1,F
吉永広海,ヨシナガヒロミ,男,3,44,49,93,173.8,65.7,F
柴山舞人,シバヤママイト,男,3,49,44,93,177.4,67.9,F
吉本生鼓斗,ヨシモトイコト,男,3,38,55,93,173.9,65.3,F
岩本悠夢,イワモトハルム,男,1,42,51,93,175.8,68.5,F
土屋律樹,ツチヤリツキ,男,1,42,51,93,167.7,59.2,F
大下秋夫,オオシタアキオ,男,3,43,50,93,166.5,57.6,F
住田翼翔,スミダツバサ,男,2,42,51,93,173.3,64.1,F
三浦乃々花,ミウラノノカ,女,2,44,48,92,156.4,52,F
小坂佳菜絵,オサカカナエ,女,1,41,51,92,159.7,52.9,F
細井真奈,ホソイマナ,女,1,41,51,92,155.7,52.2,F
赤坂高空,アカサカタカアキ,男,2,42,50,92,171.4,65,F
宮川明日人,ミヤカワアスト,男,2,36,56,92,169.6,62.2,F
増井十夢,マスイトム,男,1,26,66,92,168.2,56.6,F
野沢爽良,ノザワアキラ,男,2,47,45,92,166.3,57.9,F
三井英倫,ミツイハナミチ,男,1,54,38,92,166.8,58.3,F
依田花凜,イダカリン,女,2,46,45,91,153.4,50.3,F
市川芹奈,イチカワセリナ,女,1,37,54,91,153.8,49.7,F
岩沢絢音,イワサワアヤネ,女,2,38,53,91,152.3,48.1,G
前田良男,マエダヨシオ,男,3,44,47,91,173.1,65.6,G
小出駿太,オデシュンタ,男,2,35,56,91,169.8,60.4,G
吉澤里琉,ヨシザワサトル,男,1,38,53,91,165.6,56.3,G
秋山省吾,アキヤマショウゴ,男,1,38,53,91,168.1,61.7,G
伊藤優,イトウマサル,男,1,30,61,91,169.4,58.7,G
沖悠菜,オキユウナ,女,3,36,54,90,162.1,58.4,G
高山結月花,タカヤマユヅハ,女,3,31,59,90,165.3,62.6,G
喜多優陽,キタユウヒ,男,2,46,44,90,166.9,59.5,G
河内唯舞貴,カワウチイブキ,男,2,32,58,90,166.9,57.7,G
古谷吉夫,フルヤヨシオ,男,2,41,49,90,168,61.9,G
中本健蔵,ナカモトケンゾウ,男,1,51,39,90,169,60.9,G
中原寛斗,ナカハラヒロト,男,1,55,35,90,171.4,61.6,G
勝又花菜,カツマタカナ,女,1,28,61,89,151.4,47,G
広田帆波,ヒロタホナミ,女,1,42,47,89,154.8,48,G
諸星桜久良,モロボシサクラ,女,2,35,54,89,154.8,51,G
浅川結愛加,アサカワユメカ,女,1,28,61,89,158.3,53,G
白石啓次郎,シライシケイジロウ,男,1,48,41,89,166,58.3,G
皆川優志,ミナガワユウシ,男,2,48,41,89,170.2,61.8,G
大沼宏次,オオヌマコウジ,男,2,35,54,89,170.9,64.4,G
百瀬祥真,モモセショウマ,男,2,31,58,89,170.7,63.9,G
前原伊千子,マエハライチコ,女,2,23,65,88,156.4,50.8,G
佐川咲衣,サガワサエ,女,1,30,58,88,156,52.1,G
藤本晴子,フジモトハルコ,女,3,30,58,88,160.7,56.6,G
大森絢乃,オオモリアヤノ,女,3,28,60,88,158.9,54.7,G
西村瑛輔,ニシムラエイスケ,男,1,38,50,88,167.2,58.5,G
中村悠雅,ナカムラユウガ,男,1,43,45,88,174.9,64.6,G
長谷部勇夫,ハセベイサオ,男,1,48,40,88,174.2,64.4,G
柳川聖人,ヤナガワキヨト,男,2,36,52,88,167,61.3,G
高島長平,タカシマチョウヘイ,男,1,40,48,88,165.2,56.7,G
北条昴,ホウジョウスバル,男,1,48,40,88,172.1,63.9,G
大嶋勇吉,オオシマユウキチ,男,1,36,52,88,166,58.7,G
中嶋善吉,ナカジマゼンキチ,男,2,42,46,88,173.4,65.1,G
木田拓哉,キダタクヤ,男,1,42,46,88,178.8,68.8,G
飯塚麻美,イイヅカアサミ,女,2,48,39,87,156.4,54.1,G
宇田川柚姫,ウダガワユズキ,女,2,53,34,87,159.9,54.7,G
谷口菜摘,タニグチナツミ,女,1,31,56,87,154.4,47.9,G
田上翔大,タウエショウダイ,男,2,37,50,87,173.2,64.3,G
平岡哲朗,ヒラオカテツロウ,男,3,35,52,87,169.1,62.4,G
村上銀河,ムラカミギンガ,男,3,48,39,87,165.9,59.5,G
曽我日葵,ソガハルキ,男,2,45,42,87,171.1,65.1,G
草野刀馬,クサノトウマ,男,3,34,53,87,166.5,58.3,G
浅川綾香,アサカワアヤカ,女,3,49,37,86,158.5,54.8,G
園田莉子,ソノダリコ,女,3,47,39,86,159.4,53.4,G
深田咲楽,フカダサクラ,女,1,32,54,86,157.3,51.6,G
細野沙羅,ホソノサラ,女,1,45,40,85,158.7,51.6,G
熊田海渉,クマダカイホ,男,2,30,55,85,169.9,61.6,G
入江清信,イリエキヨノブ,男,1,41,44,85,168.9,61.5,G
平松奈乃子,ヒラマツナノコ,女,1,40,44,84,157.2,51.8,G
橘和佳奈,タチバナワカナ,女,2,46,38,84,160.7,56.6,G
細川健世,ホソカワケンセイ,男,2,24,60,84,169.2,61.9,G
石田杏璃,イシダアンリ,女,3,28,55,83,156.4,54.9,G
横田藍那,ヨコタアイナ,女,2,32,51,83,161,55.1,G
森本華音,モリモトカノン,女,1,49,34,83,152.5,47.1,G
平沢仁愛,ヒラサワニイナ,女,2,44,39,83,158.9,52.6,G
小野颯雅,オノソウガ,男,1,42,41,83,174.4,66.4,G
神戸雪絵,コウベユキエ,女,3,35,47,82,160.1,52.3,G
渥美心晴,アツミコハル,女,1,33,49,82,153.7,47.8,G
野口環,ノグチタマキ,女,3,43,39,82,156.7,53.1,G
石丸莉子,イシマルリコ,女,3,40,42,82,161,53.6,G
青山清香,アオヤマサヤカ,女,1,38,44,82,162.2,58,G
村山花鈴,ムラヤマカリン,女,3,29,53,82,157.2,53.1,G
河崎小夜,カワサキサヨ,女,2,44,38,82,154.7,49.5,G
紺野帆奈,コンノハンナ,女,2,49,33,82,159.1,52.8,G
山岡健之,ヤマオカケンジ,男,2,45,37,82,169.3,59.2,G
岩井律生,イワイリツキ,男,2,43,39,82,171.5,62.6,G
難波昭雄,ナンバアキオ,男,1,36,46,82,173.1,64.6,G
宇田川元気,ウダガワゲンキ,男,2,44,38,82,166.8,58.4,G
森美千子,モリミチコ,女,2,34,47,81,157.7,55.1,G
大友萌衣,オオトモメイ,女,1,30,51,81,160.6,55.6,G
菅野匠弥,スガノタクミ,男,1,34,47,81,164.2,57,G
川上良明,カワカミヨシアキ,男,3,43,38,81,165.2,60.5,G
曽根誠吾,ソネセイゴ,男,2,35,46,81,175.6,67.2,G
河崎憲士郎,カワサキケンシロウ,男,2,37,44,81,168.5,58.6,G
堀江真希人,ホリエマキト,男,1,20,61,81,168.5,60,G
北原京路,キタハラキョウジ,男,3,37,44,81,166.9,58.2,G
細川花音,ホソカワカノン,女,2,32,48,80,155.1,51.1,G
深田翔馬,フカダショウマ,男,2,38,42,80,168.4,60,G
佐藤煌成,サトウコウセイ,男,1,28,52,80,165.8,58.4,G
米沢陽音,ヨネザワハルト,男,2,45,35,80,174,63.9,G
大庭龍生,オオニワタツキ,男,2,41,39,80,169.4,61,G
原恵美,ハラエミ,女,3,41,38,79,159.8,55,G
麻生伊織,アソウイオリ,女,3,40,39,79,157.7,52.1,G
山口結愛加,ヤマグチユメカ,女,3,43,36,79,156.3,49.8,G
野村小鈴,ノムラコリン,女,2,46,33,79,156.7,50,G
柳沢春名,ヤナギサワハルナ,女,2,37,42,79,164,58.9,G
伊藤徳子,イトウノリコ,女,1,43,36,79,159,54.1,G
浜崎楽輝,ハマザキモトキ,男,1,39,40,79,162.8,56.2,G
舟木一颯,フナキカズサ,男,1,37,42,79,172.2,65.4,G
南晃明,ミナミコウメイ,男,3,31,48,79,175.5,68.6,G
瀬戸勉,セトツトム,男,3,40,39,79,170.6,62.2,G
山川蒼梧,ヤマカワソウゴ,男,1,40,39,79,171.1,60.2,G
岩下美優,イワシタミユ,女,3,25,53,78,158.8,53.8,G
古市榛真,フルイチハルマ,男,2,43,35,78,168.4,60.8,G
門脇慶紀,カドワキヨシキ,男,3,24,54,78,170.5,62.8,G
松尾龍生,マツオタツキ,男,2,40,38,78,172.2,65.2,G
瀬川陽奈,セガワハルナ,女,3,38,39,77,155.4,51.1,H
武内麻由,タケウチマユ,女,3,25,52,77,156.1,52.3,H
岩本清佳,イワモトセイカ,女,3,29,48,77,154.3,50.7,H
塩田雄星,シオダユウセイ,男,3,27,50,77,174.6,65.6,H
恩田佳己,オンダヨシキ,男,3,35,42,77,171.2,60.3,H
横田泰樹,ヨコタタイキ,男,3,37,40,77,167.8,58.8,H
小田空穏,オダクオン,男,3,38,39,77,167.5,59.5,H
大平岳樹,オオヒラタケキ,男,1,44,33,77,172.8,62.5,H
丸山駿斗,マルヤマシュント,男,2,32,44,76,167.9,60.3,H
麻生直道,アソウタダミチ,男,1,36,40,76,162.4,52.3,H
柳沢海成,ヤナギサワカイセイ,男,2,34,42,76,172,64.3,H
小口昇,オグチノボル,男,3,34,42,76,174.4,67.1,H
阿部和季,アベカズキ,男,1,32,44,76,172.3,62.4,H
柴山遥香,シバヤマハルカ,女,3,46,29,75,158.2,52.4,H
松村詩織,マツムラシオリ,女,2,32,43,75,152.4,46.6,H
宮地苺佳,ミヤチイチカ,女,1,37,38,75,151.7,45.9,H
豊田清司,トヨダキヨシ,男,3,44,31,75,171.4,62.9,H
花岡帆奈,ハナオカハンナ,女,3,33,41,74,157.7,51.2,H
下山比紗菜,シモヤマヒサナ,女,3,37,37,74,155.3,51.4,H
平山里佳,ヒラヤマリカ,女,3,40,34,74,155.7,51.2,H
横山湊雅,ヨコヤマソウガ,男,2,39,35,74,174,64.3,H
鶴田和歌子,ツルタワカコ,女,1,37,36,73,149,45.1,H
深谷萌々子,フカヤモモコ,女,1,34,38,72,156.7,51.8,H
小宮陽菜乃,コミヤヒナノ,女,1,24,48,72,160,54.7,H
富岡潤,トミオカジュン,女,2,29,43,72,148.4,45.1,H
中沢織絵,ナカザワオリエ,女,3,43,29,72,158.5,51.8,H
田端明花梨,タバタアカリ,女,1,44,28,72,159.2,56.7,H
牧野桜陽,マキノオウヒ,男,2,29,43,72,175.8,66.4,H
栗林莉子,クリバヤシリコ,女,1,31,40,71,151.7,46.6,H
長野堅志郎,ナガノケンシロウ,男,1,21,50,71,173.9,67,H
中林栄作,ナカバヤシエイサク,男,2,43,28,71,166.4,58,H
高村健貴,タカムラタツキ,男,1,22,49,71,169.3,60.1,H
香川依茉,カガワエマ,女,1,23,47,70,162.5,58.8,H
石垣一希,イシガキイッキ,男,1,33,37,70,167.6,60.9,H
竹下宗那,タケシタソウナ,男,3,20,50,70,163.7,52.9,H
小坂秀吉,オサカヒデキチ,男,2,23,47,70,162.6,58.2,H
金沢今日子,カナザワキョウコ,女,1,37,32,69,159.4,54.2,H
甲斐宇野,カイウノ,女,2,37,32,69,151.8,46.2,H
笹森博昭,ササモリヒロアキ,男,1,23,46,69,171.6,60.3,H
竹田颯希,タケダサツキ,男,2,35,34,69,170.5,61.3,H
小泉沙織,コイズミサオリ,女,1,35,33,68,156.2,49.7,H
東野雄二,ヒガシノユウジ,男,2,36,32,68,168.5,61,H
坂田怜子,サカタレイコ,女,3,29,38,67,156.8,50.8,H
森本俊史,モリモトトシフミ,男,2,43,24,67,167.4,59.5,H
伊沢玄都,イザワゲント,男,3,20,47,67,169.3,59.4,H
三橋鈴寧,ミハシスズネ,女,2,22,44,66,156.3,51.4,H
棚橋季衣,タナハシトシエ,女,2,26,39,65,160.5,56.3,H
向井恭平,ムカイキョウヘイ,男,2,39,26,65,167.7,60.6,H
村上由貴,ムラカミユキ,女,3,31,33,64,156.9,52.5,H
石倉奈心実,イシクラナゴミ,女,1,5,59,64,155.9,50.2,H
竹下弥太郎,タケシタヤタロウ,男,2,27,37,64,172.5,63.4,H
中島まや,ナカシママヤ,女,2,30,33,63,155.8,51.2,H
小峰春菜,コミネハルナ,女,3,34,28,62,161.4,57.4,H
藤島成良,フジシマナルヨシ,男,3,24,38,62,171.5,63.5,H
畠山真理子,ハタケヤママリコ,女,3,30,31,61,159.1,56.2,H
堀井華美,ホリイハナビ,女,1,21,40,61,159.4,52.6,H
中壮哉,ナカソウヤ,男,2,10,51,61,169.4,63.2,H
塩谷京之介,シオタニキョウノスケ,男,2,21,40,61,173,62.9,H
関口舞桜,セキグチマオ,女,2,33,27,60,159.3,55.3,H
山根礁,ヤマネショウ,男,3,33,27,60,171.5,60.7,H
富岡悠宇人,トミオカユウト,男,2,28,32,60,172.9,65.5,H
河井奈歩,カワイナホ,女,1,32,27,59,159.1,52.1,H
塚本志穂,ツカモトシホ,女,2,18,41,59,160.6,54.3,H
長沢優空,ナガサワユウク,男,2,18,41,59,168.1,59.5,H
千葉明里,チバアカリ,女,1,32,26,58,156.2,51.5,H
海野晋,ウミノススム,男,1,24,34,58,169.7,62.6,H
戸田寛貴,トダヒロキ,男,3,28,30,58,167.5,58.7,H
江頭岳斗,エガシラガクト,男,1,20,38,58,170.1,62.3,H
丹羽英倫,タンバハナミチ,男,3,32,26,58,172.8,66.7,H
益田仁之助,マスダジンノスケ,男,2,29,27,56,171.1,62.4,H
村田巧聖,ムラタコウセイ,男,3,15,41,56,173.5,64.2,H
南璃兎,ミナミリト,女,1,21,34,55,157.2,53.8,H
工藤房子,クドウフサコ,女,2,20,35,55,162.6,54.9,H
岩本一二三,イワモトヒフミ,女,1,25,30,55,163.8,58.7,H
坂東麻緒,バンドウマオ,女,3,12,43,55,157.2,53.3,H
尾崎舞歩斗,オザキマホト,男,1,34,21,55,165.3,56.7,H
上岡涼真,カミオカリョウマ,男,3,25,29,54,167.6,57.9,H
福山有沙,フクヤマアリサ,女,1,17,36,53,160.8,57,H
白井義孝,シライヨシタカ,男,2,10,43,53,170.6,62.5,H
和田史騎,ワダシキ,男,3,39,13,52,172.1,64,H
長岡綾人,ナガオカアヤト,男,2,26,26,52,167.6,58.4,H
塚田晴輝,ツカダハルキ,男,1,14,38,52,166.3,57.3,H
庄司大輝,ショウジダイキ,男,2,22,30,52,168.6,58.6,H
福原音姫,フクハラオトメ,女,1,6,45,51,161.5,56.9,H
辻本士勇斗,ツジモトシュウト,男,1,22,26,48,170.3,61.8,H
長田佳菜絵,ナガタカナエ,女,3,32,15,47,157.7,53.2,H
田畑遥香,タバタハルカ,女,2,21,25,46,156.8,53.1,H
小菅瑛輔,コスゲエイスケ,男,3,23,23,46,169,62.7,H
野村葉久人,ノムラハクト,男,3,13,32,45,175.3,66.6,H
三田美玖,ミタミク,女,1,20,23,43,157.3,52,H
上田秋風,ウエダシュウ,男,1,18,23,41,175,64.7,H
倉橋雄生,クラハシユウセイ,男,1,18,22,40,162.7,54.8,H
永島果穂,ナガシマカホ,女,2,11,25,36,156.9,51.7,H