"時点","地域コード","地域","旅館営業施設数（ホテルを含む）【施設】","注記"
"1976年","01000","北海道","4771",""
"1976年","02000","青森県","1347",""
"1976年","03000","岩手県","1112",""
"1976年","04000","宮城県","1262",""
"1976年","05000","秋田県","958",""
"1976年","06000","山形県","1132",""
"1976年","07000","福島県","2333",""
"1976年","08000","茨城県","1670",""
"1976年","09000","栃木県","1657",""
"1976年","10000","群馬県","1893",""
"1976年","11000","埼玉県","1022",""
"1976年","12000","千葉県","2334",""
"1976年","13000","東京都","3298",""
"1976年","14000","神奈川県","2893",""
"1976年","15000","新潟県","3918",""
"1976年","16000","富山県","802",""
"1976年","17000","石川県","1243",""
"1976年","18000","福井県","1199",""
"1976年","19000","山梨県","1214",""
"1976年","20000","長野県","3428",""
"1976年","21000","岐阜県","1917",""
"1976年","22000","静岡県","4803",""
"1976年","23000","愛知県","2605",""
"1976年","24000","三重県","2462",""
"1976年","25000","滋賀県","778",""
"1976年","26000","京都府","1657",""
"1976年","27000","大阪府","2080",""
"1976年","28000","兵庫県","2863",""
"1976年","29000","奈良県","715",""
"1976年","30000","和歌山県","1297",""
"1976年","31000","鳥取県","709",""
"1976年","32000","島根県","916",""
"1976年","33000","岡山県","1459",""
"1976年","34000","広島県","1662",""
"1976年","35000","山口県","1636",""
"1976年","36000","徳島県","1001",""
"1976年","37000","香川県","1096",""
"1976年","38000","愛媛県","1222",""
"1976年","39000","高知県","1046",""
"1976年","40000","福岡県","2623",""
"1976年","41000","佐賀県","732",""
"1976年","42000","長崎県","1273",""
"1976年","43000","熊本県","1875",""
"1976年","44000","大分県","1785",""
"1976年","45000","宮崎県","1036",""
"1976年","46000","鹿児島県","1881",""
"1976年","47000","沖縄県","990",""
"1977年","01000","北海道","4729",""
"1977年","02000","青森県","1355",""
"1977年","03000","岩手県","1143",""
"1977年","04000","宮城県","1269",""
"1977年","05000","秋田県","959",""
"1977年","06000","山形県","1207",""
"1977年","07000","福島県","2375",""
"1977年","08000","茨城県","1682",""
"1977年","09000","栃木県","1669",""
"1977年","10000","群馬県","1860",""
"1977年","11000","埼玉県","1026",""
"1977年","12000","千葉県","2351",""
"1977年","13000","東京都","3227",""
"1977年","14000","神奈川県","2842",""
"1977年","15000","新潟県","4010",""
"1977年","16000","富山県","806",""
"1977年","17000","石川県","1260",""
"1977年","18000","福井県","1248",""
"1977年","19000","山梨県","1311",""
"1977年","20000","長野県","3538",""
"1977年","21000","岐阜県","1977",""
"1977年","22000","静岡県","4892",""
"1977年","23000","愛知県","2580",""
"1977年","24000","三重県","2494",""
"1977年","25000","滋賀県","792",""
"1977年","26000","京都府","1638",""
"1977年","27000","大阪府","2058",""
"1977年","28000","兵庫県","2905",""
"1977年","29000","奈良県","715",""
"1977年","30000","和歌山県","1319",""
"1977年","31000","鳥取県","715",""
"1977年","32000","島根県","922",""
"1977年","33000","岡山県","1456",""
"1977年","34000","広島県","1603",""
"1977年","35000","山口県","1631",""
"1977年","36000","徳島県","1026",""
"1977年","37000","香川県","1054",""
"1977年","38000","愛媛県","1222",""
"1977年","39000","高知県","1052",""
"1977年","40000","福岡県","2537",""
"1977年","41000","佐賀県","722",""
"1977年","42000","長崎県","1267",""
"1977年","43000","熊本県","1875",""
"1977年","44000","大分県","1797",""
"1977年","45000","宮崎県","1027",""
"1977年","46000","鹿児島県","1874",""
"1977年","47000","沖縄県","976",""
"1978年","01000","北海道","4735",""
"1978年","02000","青森県","1380",""
"1978年","03000","岩手県","1177",""
"1978年","04000","宮城県","1287",""
"1978年","05000","秋田県","980",""
"1978年","06000","山形県","1247",""
"1978年","07000","福島県","2423",""
"1978年","08000","茨城県","1691",""
"1978年","09000","栃木県","1664",""
"1978年","10000","群馬県","1831",""
"1978年","11000","埼玉県","1023",""
"1978年","12000","千葉県","2509",""
"1978年","13000","東京都","3146",""
"1978年","14000","神奈川県","2834",""
"1978年","15000","新潟県","4104",""
"1978年","16000","富山県","809",""
"1978年","17000","石川県","1270",""
"1978年","18000","福井県","1283",""
"1978年","19000","山梨県","1354",""
"1978年","20000","長野県","3717",""
"1978年","21000","岐阜県","1995",""
"1978年","22000","静岡県","4965",""
"1978年","23000","愛知県","2565",""
"1978年","24000","三重県","2525",""
"1978年","25000","滋賀県","793",""
"1978年","26000","京都府","1624",""
"1978年","27000","大阪府","2022",""
"1978年","28000","兵庫県","2891",""
"1978年","29000","奈良県","713",""
"1978年","30000","和歌山県","1323",""
"1978年","31000","鳥取県","721",""
"1978年","32000","島根県","912",""
"1978年","33000","岡山県","1445",""
"1978年","34000","広島県","1558",""
"1978年","35000","山口県","1638",""
"1978年","36000","徳島県","1039",""
"1978年","37000","香川県","1058",""
"1978年","38000","愛媛県","1239",""
"1978年","39000","高知県","1037",""
"1978年","40000","福岡県","2443",""
"1978年","41000","佐賀県","710",""
"1978年","42000","長崎県","1270",""
"1978年","43000","熊本県","1850",""
"1978年","44000","大分県","1834",""
"1978年","45000","宮崎県","1030",""
"1978年","46000","鹿児島県","1845",""
"1978年","47000","沖縄県","964",""
"1979年","01000","北海道","4761",""
"1979年","02000","青森県","1411",""
"1979年","03000","岩手県","1184",""
"1979年","04000","宮城県","1293",""
"1979年","05000","秋田県","982",""
"1979年","06000","山形県","1227",""
"1979年","07000","福島県","2445",""
"1979年","08000","茨城県","1711",""
"1979年","09000","栃木県","1709",""
"1979年","10000","群馬県","1847",""
"1979年","11000","埼玉県","1025",""
"1979年","12000","千葉県","2516",""
"1979年","13000","東京都","3091",""
"1979年","14000","神奈川県","2809",""
"1979年","15000","新潟県","3907",""
"1979年","16000","富山県","817",""
"1979年","17000","石川県","1275",""
"1979年","18000","福井県","1303",""
"1979年","19000","山梨県","1387",""
"1979年","20000","長野県","3810",""
"1979年","21000","岐阜県","2026",""
"1979年","22000","静岡県","5029",""
"1979年","23000","愛知県","2564",""
"1979年","24000","三重県","2584",""
"1979年","25000","滋賀県","792",""
"1979年","26000","京都府","1601",""
"1979年","27000","大阪府","1934",""
"1979年","28000","兵庫県","2911",""
"1979年","29000","奈良県","715",""
"1979年","30000","和歌山県","1336",""
"1979年","31000","鳥取県","739",""
"1979年","32000","島根県","901",""
"1979年","33000","岡山県","1448",""
"1979年","34000","広島県","1556",""
"1979年","35000","山口県","1644",""
"1979年","36000","徳島県","1066",""
"1979年","37000","香川県","1053",""
"1979年","38000","愛媛県","1247",""
"1979年","39000","高知県","1015",""
"1979年","40000","福岡県","2400",""
"1979年","41000","佐賀県","708",""
"1979年","42000","長崎県","1255",""
"1979年","43000","熊本県","1825",""
"1979年","44000","大分県","1794",""
"1979年","45000","宮崎県","961",""
"1979年","46000","鹿児島県","1849",""
"1979年","47000","沖縄県","969",""
"1980年","01000","北海道","4793",""
"1980年","02000","青森県","1420",""
"1980年","03000","岩手県","1216",""
"1980年","04000","宮城県","1288",""
"1980年","05000","秋田県","967",""
"1980年","06000","山形県","1234",""
"1980年","07000","福島県","2488",""
"1980年","08000","茨城県","1761",""
"1980年","09000","栃木県","1750",""
"1980年","10000","群馬県","1884",""
"1980年","11000","埼玉県","1031",""
"1980年","12000","千葉県","2426",""
"1980年","13000","東京都","3076",""
"1980年","14000","神奈川県","2797",""
"1980年","15000","新潟県","3978",""
"1980年","16000","富山県","797",""
"1980年","17000","石川県","1275",""
"1980年","18000","福井県","1358",""
"1980年","19000","山梨県","1431",""
"1980年","20000","長野県","3899",""
"1980年","21000","岐阜県","2021",""
"1980年","22000","静岡県","5091",""
"1980年","23000","愛知県","2578",""
"1980年","24000","三重県","2631",""
"1980年","25000","滋賀県","814",""
"1980年","26000","京都府","1586",""
"1980年","27000","大阪府","1893",""
"1980年","28000","兵庫県","2921",""
"1980年","29000","奈良県","691",""
"1980年","30000","和歌山県","1332",""
"1980年","31000","鳥取県","728",""
"1980年","32000","島根県","907",""
"1980年","33000","岡山県","1434",""
"1980年","34000","広島県","1483",""
"1980年","35000","山口県","1645",""
"1980年","36000","徳島県","1090",""
"1980年","37000","香川県","1049",""
"1980年","38000","愛媛県","1243",""
"1980年","39000","高知県","1018",""
"1980年","40000","福岡県","2333",""
"1980年","41000","佐賀県","709",""
"1980年","42000","長崎県","1264",""
"1980年","43000","熊本県","1841",""
"1980年","44000","大分県","1788",""
"1980年","45000","宮崎県","979",""
"1980年","46000","鹿児島県","1887",""
"1980年","47000","沖縄県","978",""
"1981年","01000","北海道","4797",""
"1981年","02000","青森県","1433",""
"1981年","03000","岩手県","1242",""
"1981年","04000","宮城県","1262",""
"1981年","05000","秋田県","988",""
"1981年","06000","山形県","1278",""
"1981年","07000","福島県","2507",""
"1981年","08000","茨城県","1782",""
"1981年","09000","栃木県","1794",""
"1981年","10000","群馬県","1897",""
"1981年","11000","埼玉県","1036",""
"1981年","12000","千葉県","2421",""
"1981年","13000","東京都","3048",""
"1981年","14000","神奈川県","2786",""
"1981年","15000","新潟県","4105",""
"1981年","16000","富山県","788",""
"1981年","17000","石川県","1274",""
"1981年","18000","福井県","1382",""
"1981年","19000","山梨県","1475",""
"1981年","20000","長野県","3964",""
"1981年","21000","岐阜県","2043",""
"1981年","22000","静岡県","5159",""
"1981年","23000","愛知県","2560",""
"1981年","24000","三重県","2657",""
"1981年","25000","滋賀県","824",""
"1981年","26000","京都府","1569",""
"1981年","27000","大阪府","1854",""
"1981年","28000","兵庫県","2958",""
"1981年","29000","奈良県","701",""
"1981年","30000","和歌山県","1360",""
"1981年","31000","鳥取県","700",""
"1981年","32000","島根県","901",""
"1981年","33000","岡山県","1441",""
"1981年","34000","広島県","1440",""
"1981年","35000","山口県","1641",""
"1981年","36000","徳島県","1115",""
"1981年","37000","香川県","1039",""
"1981年","38000","愛媛県","1246",""
"1981年","39000","高知県","1009",""
"1981年","40000","福岡県","2279",""
"1981年","41000","佐賀県","712",""
"1981年","42000","長崎県","1265",""
"1981年","43000","熊本県","1861",""
"1981年","44000","大分県","1797",""
"1981年","45000","宮崎県","983",""
"1981年","46000","鹿児島県","1902",""
"1981年","47000","沖縄県","990",""
"1982年","01000","北海道","4817",""
"1982年","02000","青森県","1445",""
"1982年","03000","岩手県","1258",""
"1982年","04000","宮城県","1227",""
"1982年","05000","秋田県","999",""
"1982年","06000","山形県","1294",""
"1982年","07000","福島県","2483",""
"1982年","08000","茨城県","1805",""
"1982年","09000","栃木県","1785",""
"1982年","10000","群馬県","1790",""
"1982年","11000","埼玉県","1050",""
"1982年","12000","千葉県","2447",""
"1982年","13000","東京都","2966",""
"1982年","14000","神奈川県","2761",""
"1982年","15000","新潟県","4020",""
"1982年","16000","富山県","790",""
"1982年","17000","石川県","1288",""
"1982年","18000","福井県","1417",""
"1982年","19000","山梨県","1523",""
"1982年","20000","長野県","4007",""
"1982年","21000","岐阜県","1985",""
"1982年","22000","静岡県","5251",""
"1982年","23000","愛知県","2538",""
"1982年","24000","三重県","2666",""
"1982年","25000","滋賀県","850",""
"1982年","26000","京都府","1550",""
"1982年","27000","大阪府","1846",""
"1982年","28000","兵庫県","2959",""
"1982年","29000","奈良県","710",""
"1982年","30000","和歌山県","1348",""
"1982年","31000","鳥取県","689",""
"1982年","32000","島根県","911",""
"1982年","33000","岡山県","1453",""
"1982年","34000","広島県","1393",""
"1982年","35000","山口県","1626",""
"1982年","36000","徳島県","1126",""
"1982年","37000","香川県","1007",""
"1982年","38000","愛媛県","1244",""
"1982年","39000","高知県","1009",""
"1982年","40000","福岡県","2216",""
"1982年","41000","佐賀県","714",""
"1982年","42000","長崎県","1237",""
"1982年","43000","熊本県","1861",""
"1982年","44000","大分県","1773",""
"1982年","45000","宮崎県","977",""
"1982年","46000","鹿児島県","1854",""
"1982年","47000","沖縄県","1010",""
"1983年","01000","北海道","4851",""
"1983年","02000","青森県","1452",""
"1983年","03000","岩手県","1246",""
"1983年","04000","宮城県","1240",""
"1983年","05000","秋田県","1010",""
"1983年","06000","山形県","1314",""
"1983年","07000","福島県","2464",""
"1983年","08000","茨城県","1732",""
"1983年","09000","栃木県","1823",""
"1983年","10000","群馬県","1807",""
"1983年","11000","埼玉県","1062",""
"1983年","12000","千葉県","2442",""
"1983年","13000","東京都","2888",""
"1983年","14000","神奈川県","2710",""
"1983年","15000","新潟県","4042",""
"1983年","16000","富山県","796",""
"1983年","17000","石川県","1287",""
"1983年","18000","福井県","1439",""
"1983年","19000","山梨県","1560",""
"1983年","20000","長野県","3989",""
"1983年","21000","岐阜県","1987",""
"1983年","22000","静岡県","5288",""
"1983年","23000","愛知県","2533",""
"1983年","24000","三重県","2662",""
"1983年","25000","滋賀県","835",""
"1983年","26000","京都府","1530",""
"1983年","27000","大阪府","1771",""
"1983年","28000","兵庫県","2958",""
"1983年","29000","奈良県","704",""
"1983年","30000","和歌山県","1222",""
"1983年","31000","鳥取県","690",""
"1983年","32000","島根県","914",""
"1983年","33000","岡山県","1431",""
"1983年","34000","広島県","1357",""
"1983年","35000","山口県","1603",""
"1983年","36000","徳島県","1107",""
"1983年","37000","香川県","990",""
"1983年","38000","愛媛県","1237",""
"1983年","39000","高知県","969",""
"1983年","40000","福岡県","2170",""
"1983年","41000","佐賀県","693",""
"1983年","42000","長崎県","1202",""
"1983年","43000","熊本県","1873",""
"1983年","44000","大分県","1712",""
"1983年","45000","宮崎県","956",""
"1983年","46000","鹿児島県","1832",""
"1983年","47000","沖縄県","962",""
"1984年","01000","北海道","4836",""
"1984年","02000","青森県","1447",""
"1984年","03000","岩手県","1246",""
"1984年","04000","宮城県","1244",""
"1984年","05000","秋田県","999",""
"1984年","06000","山形県","1348",""
"1984年","07000","福島県","2465",""
"1984年","08000","茨城県","1748",""
"1984年","09000","栃木県","1830",""
"1984年","10000","群馬県","1834",""
"1984年","11000","埼玉県","1079",""
"1984年","12000","千葉県","2456",""
"1984年","13000","東京都","2826",""
"1984年","14000","神奈川県","2681",""
"1984年","15000","新潟県","3974",""
"1984年","16000","富山県","788",""
"1984年","17000","石川県","1302",""
"1984年","18000","福井県","1462",""
"1984年","19000","山梨県","1602",""
"1984年","20000","長野県","3961",""
"1984年","21000","岐阜県","1997",""
"1984年","22000","静岡県","5357",""
"1984年","23000","愛知県","2510",""
"1984年","24000","三重県","2668",""
"1984年","25000","滋賀県","858",""
"1984年","26000","京都府","1486",""
"1984年","27000","大阪府","1730",""
"1984年","28000","兵庫県","2989",""
"1984年","29000","奈良県","695",""
"1984年","30000","和歌山県","1245",""
"1984年","31000","鳥取県","691",""
"1984年","32000","島根県","905",""
"1984年","33000","岡山県","1447",""
"1984年","34000","広島県","1315",""
"1984年","35000","山口県","1541",""
"1984年","36000","徳島県","1090",""
"1984年","37000","香川県","976",""
"1984年","38000","愛媛県","1213",""
"1984年","39000","高知県","957",""
"1984年","40000","福岡県","2137",""
"1984年","41000","佐賀県","685",""
"1984年","42000","長崎県","1179",""
"1984年","43000","熊本県","1860",""
"1984年","44000","大分県","1706",""
"1984年","45000","宮崎県","943",""
"1984年","46000","鹿児島県","1834",""
"1984年","47000","沖縄県","976",""
"1985年","01000","北海道","4818",""
"1985年","02000","青森県","1433",""
"1985年","03000","岩手県","1241",""
"1985年","04000","宮城県","1252",""
"1985年","05000","秋田県","978",""
"1985年","06000","山形県","1343",""
"1985年","07000","福島県","2457",""
"1985年","08000","茨城県","1766",""
"1985年","09000","栃木県","1872",""
"1985年","10000","群馬県","1838",""
"1985年","11000","埼玉県","1098",""
"1985年","12000","千葉県","2469",""
"1985年","13000","東京都","2780",""
"1985年","14000","神奈川県","2661",""
"1985年","15000","新潟県","3957",""
"1985年","16000","富山県","786",""
"1985年","17000","石川県","1302",""
"1985年","18000","福井県","1492",""
"1985年","19000","山梨県","1681",""
"1985年","20000","長野県","3994",""
"1985年","21000","岐阜県","2005",""
"1985年","22000","静岡県","5408",""
"1985年","23000","愛知県","2496",""
"1985年","24000","三重県","2687",""
"1985年","25000","滋賀県","861",""
"1985年","26000","京都府","1454",""
"1985年","27000","大阪府","1735",""
"1985年","28000","兵庫県","3000",""
"1985年","29000","奈良県","696",""
"1985年","30000","和歌山県","1380",""
"1985年","31000","鳥取県","695",""
"1985年","32000","島根県","886",""
"1985年","33000","岡山県","1356",""
"1985年","34000","広島県","1311",""
"1985年","35000","山口県","1533",""
"1985年","36000","徳島県","1084",""
"1985年","37000","香川県","939",""
"1985年","38000","愛媛県","1210",""
"1985年","39000","高知県","954",""
"1985年","40000","福岡県","2123",""
"1985年","41000","佐賀県","673",""
"1985年","42000","長崎県","1149",""
"1985年","43000","熊本県","1843",""
"1985年","44000","大分県","1701",""
"1985年","45000","宮崎県","995",""
"1985年","46000","鹿児島県","1826",""
"1985年","47000","沖縄県","955",""
"1986年","01000","北海道","4761",""
"1986年","02000","青森県","1445",""
"1986年","03000","岩手県","1257",""
"1986年","04000","宮城県","1262",""
"1986年","05000","秋田県","959",""
"1986年","06000","山形県","1342",""
"1986年","07000","福島県","2469",""
"1986年","08000","茨城県","1800",""
"1986年","09000","栃木県","1909",""
"1986年","10000","群馬県","1827",""
"1986年","11000","埼玉県","1118",""
"1986年","12000","千葉県","2469",""
"1986年","13000","東京都","2759",""
"1986年","14000","神奈川県","2655",""
"1986年","15000","新潟県","4171",""
"1986年","16000","富山県","790",""
"1986年","17000","石川県","1306",""
"1986年","18000","福井県","1489",""
"1986年","19000","山梨県","1746",""
"1986年","20000","長野県","4047",""
"1986年","21000","岐阜県","2023",""
"1986年","22000","静岡県","5501",""
"1986年","23000","愛知県","2436",""
"1986年","24000","三重県","2675",""
"1986年","25000","滋賀県","877",""
"1986年","26000","京都府","1450",""
"1986年","27000","大阪府","1767",""
"1986年","28000","兵庫県","2978",""
"1986年","29000","奈良県","703",""
"1986年","30000","和歌山県","1372",""
"1986年","31000","鳥取県","698",""
"1986年","32000","島根県","872",""
"1986年","33000","岡山県","1321",""
"1986年","34000","広島県","1304",""
"1986年","35000","山口県","1530",""
"1986年","36000","徳島県","1062",""
"1986年","37000","香川県","920",""
"1986年","38000","愛媛県","1190",""
"1986年","39000","高知県","947",""
"1986年","40000","福岡県","2058",""
"1986年","41000","佐賀県","667",""
"1986年","42000","長崎県","1122",""
"1986年","43000","熊本県","1832",""
"1986年","44000","大分県","1686",""
"1986年","45000","宮崎県","983",""
"1986年","46000","鹿児島県","1804",""
"1986年","47000","沖縄県","969",""
"1987年","01000","北海道","4709",""
"1987年","02000","青森県","1451",""
"1987年","03000","岩手県","1254",""
"1987年","04000","宮城県","1262",""
"1987年","05000","秋田県","950",""
"1987年","06000","山形県","1336",""
"1987年","07000","福島県","2471",""
"1987年","08000","茨城県","1782",""
"1987年","09000","栃木県","1937",""
"1987年","10000","群馬県","1766",""
"1987年","11000","埼玉県","1132",""
"1987年","12000","千葉県","2450",""
"1987年","13000","東京都","2714",""
"1987年","14000","神奈川県","2634",""
"1987年","15000","新潟県","4126",""
"1987年","16000","富山県","784",""
"1987年","17000","石川県","1294",""
"1987年","18000","福井県","1507",""
"1987年","19000","山梨県","1782",""
"1987年","20000","長野県","4215",""
"1987年","21000","岐阜県","2035",""
"1987年","22000","静岡県","5564",""
"1987年","23000","愛知県","2415",""
"1987年","24000","三重県","2684",""
"1987年","25000","滋賀県","886",""
"1987年","26000","京都府","1433",""
"1987年","27000","大阪府","1751",""
"1987年","28000","兵庫県","2918",""
"1987年","29000","奈良県","708",""
"1987年","30000","和歌山県","1371",""
"1987年","31000","鳥取県","688",""
"1987年","32000","島根県","871",""
"1987年","33000","岡山県","1277",""
"1987年","34000","広島県","1276",""
"1987年","35000","山口県","1511",""
"1987年","36000","徳島県","971",""
"1987年","37000","香川県","908",""
"1987年","38000","愛媛県","1182",""
"1987年","39000","高知県","861",""
"1987年","40000","福岡県","2002",""
"1987年","41000","佐賀県","652",""
"1987年","42000","長崎県","1108",""
"1987年","43000","熊本県","1845",""
"1987年","44000","大分県","1708",""
"1987年","45000","宮崎県","914",""
"1987年","46000","鹿児島県","1770",""
"1987年","47000","沖縄県","927",""
"1988年","01000","北海道","4607",""
"1988年","02000","青森県","1417",""
"1988年","03000","岩手県","1269",""
"1988年","04000","宮城県","1246",""
"1988年","05000","秋田県","949",""
"1988年","06000","山形県","1335",""
"1988年","07000","福島県","2464",""
"1988年","08000","茨城県","1771",""
"1988年","09000","栃木県","1959",""
"1988年","10000","群馬県","1735",""
"1988年","11000","埼玉県","1140",""
"1988年","12000","千葉県","2430",""
"1988年","13000","東京都","2663",""
"1988年","14000","神奈川県","2605",""
"1988年","15000","新潟県","4021",""
"1988年","16000","富山県","779",""
"1988年","17000","石川県","1286",""
"1988年","18000","福井県","1503",""
"1988年","19000","山梨県","1773",""
"1988年","20000","長野県","4278",""
"1988年","21000","岐阜県","2015",""
"1988年","22000","静岡県","5594",""
"1988年","23000","愛知県","2380",""
"1988年","24000","三重県","2601",""
"1988年","25000","滋賀県","895",""
"1988年","26000","京都府","1412",""
"1988年","27000","大阪府","1712",""
"1988年","28000","兵庫県","2865",""
"1988年","29000","奈良県","687",""
"1988年","30000","和歌山県","1389",""
"1988年","31000","鳥取県","684",""
"1988年","32000","島根県","858",""
"1988年","33000","岡山県","1279",""
"1988年","34000","広島県","1262",""
"1988年","35000","山口県","1499",""
"1988年","36000","徳島県","973",""
"1988年","37000","香川県","891",""
"1988年","38000","愛媛県","1185",""
"1988年","39000","高知県","845",""
"1988年","40000","福岡県","1935",""
"1988年","41000","佐賀県","635",""
"1988年","42000","長崎県","1105",""
"1988年","43000","熊本県","1779",""
"1988年","44000","大分県","1684",""
"1988年","45000","宮崎県","824",""
"1988年","46000","鹿児島県","1750",""
"1988年","47000","沖縄県","939",""
"1989年","01000","北海道","4541",""
"1989年","02000","青森県","1400",""
"1989年","03000","岩手県","1281",""
"1989年","04000","宮城県","1252",""
"1989年","05000","秋田県","948",""
"1989年","06000","山形県","1329",""
"1989年","07000","福島県","2445",""
"1989年","08000","茨城県","1757",""
"1989年","09000","栃木県","1997",""
"1989年","10000","群馬県","1763",""
"1989年","11000","埼玉県","1141",""
"1989年","12000","千葉県","2392",""
"1989年","13000","東京都","2587",""
"1989年","14000","神奈川県","2574",""
"1989年","15000","新潟県","4285",""
"1989年","16000","富山県","761",""
"1989年","17000","石川県","1278",""
"1989年","18000","福井県","1522",""
"1989年","19000","山梨県","1791",""
"1989年","20000","長野県","4330",""
"1989年","21000","岐阜県","2005",""
"1989年","22000","静岡県","5601",""
"1989年","23000","愛知県","2336",""
"1989年","24000","三重県","2585",""
"1989年","25000","滋賀県","884",""
"1989年","26000","京都府","1401",""
"1989年","27000","大阪府","1671",""
"1989年","28000","兵庫県","2839",""
"1989年","29000","奈良県","694",""
"1989年","30000","和歌山県","1404",""
"1989年","31000","鳥取県","678",""
"1989年","32000","島根県","844",""
"1989年","33000","岡山県","1285",""
"1989年","34000","広島県","1253",""
"1989年","35000","山口県","1468",""
"1989年","36000","徳島県","958",""
"1989年","37000","香川県","904",""
"1989年","38000","愛媛県","1179",""
"1989年","39000","高知県","822",""
"1989年","40000","福岡県","1875",""
"1989年","41000","佐賀県","621",""
"1989年","42000","長崎県","1083",""
"1989年","43000","熊本県","1781",""
"1989年","44000","大分県","1664",""
"1989年","45000","宮崎県","814",""
"1989年","46000","鹿児島県","1728",""
"1989年","47000","沖縄県","941",""
"1990年","01000","北海道","4514",""
"1990年","02000","青森県","1388",""
"1990年","03000","岩手県","1294",""
"1990年","04000","宮城県","1249",""
"1990年","05000","秋田県","945",""
"1990年","06000","山形県","1301",""
"1990年","07000","福島県","2455",""
"1990年","08000","茨城県","1748",""
"1990年","09000","栃木県","2042",""
"1990年","10000","群馬県","1782",""
"1990年","11000","埼玉県","1126",""
"1990年","12000","千葉県","2372",""
"1990年","13000","東京都","2520",""
"1990年","14000","神奈川県","2537",""
"1990年","15000","新潟県","4329",""
"1990年","16000","富山県","755",""
"1990年","17000","石川県","1257",""
"1990年","18000","福井県","1535",""
"1990年","19000","山梨県","1831",""
"1990年","20000","長野県","4358",""
"1990年","21000","岐阜県","1999",""
"1990年","22000","静岡県","5592",""
"1990年","23000","愛知県","2318",""
"1990年","24000","三重県","2566",""
"1990年","25000","滋賀県","848",""
"1990年","26000","京都府","1373",""
"1990年","27000","大阪府","1621",""
"1990年","28000","兵庫県","2812",""
"1990年","29000","奈良県","661",""
"1990年","30000","和歌山県","1405",""
"1990年","31000","鳥取県","666",""
"1990年","32000","島根県","829",""
"1990年","33000","岡山県","1270",""
"1990年","34000","広島県","1253",""
"1990年","35000","山口県","1466",""
"1990年","36000","徳島県","958",""
"1990年","37000","香川県","900",""
"1990年","38000","愛媛県","1169",""
"1990年","39000","高知県","788",""
"1990年","40000","福岡県","1835",""
"1990年","41000","佐賀県","610",""
"1990年","42000","長崎県","1052",""
"1990年","43000","熊本県","1841",""
"1990年","44000","大分県","1646",""
"1990年","45000","宮崎県","758",""
"1990年","46000","鹿児島県","1709",""
"1990年","47000","沖縄県","956",""
"1991年","01000","北海道","4457",""
"1991年","02000","青森県","1387",""
"1991年","03000","岩手県","1296",""
"1991年","04000","宮城県","1228",""
"1991年","05000","秋田県","952",""
"1991年","06000","山形県","1299",""
"1991年","07000","福島県","2438",""
"1991年","08000","茨城県","1754",""
"1991年","09000","栃木県","2030",""
"1991年","10000","群馬県","1791",""
"1991年","11000","埼玉県","1117",""
"1991年","12000","千葉県","2332",""
"1991年","13000","東京都","2502",""
"1991年","14000","神奈川県","2507",""
"1991年","15000","新潟県","4029",""
"1991年","16000","富山県","759",""
"1991年","17000","石川県","1252",""
"1991年","18000","福井県","1533",""
"1991年","19000","山梨県","1833",""
"1991年","20000","長野県","4372",""
"1991年","21000","岐阜県","1999",""
"1991年","22000","静岡県","5558",""
"1991年","23000","愛知県","2288",""
"1991年","24000","三重県","2550",""
"1991年","25000","滋賀県","852",""
"1991年","26000","京都府","1348",""
"1991年","27000","大阪府","1583",""
"1991年","28000","兵庫県","2758",""
"1991年","29000","奈良県","629",""
"1991年","30000","和歌山県","1384",""
"1991年","31000","鳥取県","647",""
"1991年","32000","島根県","818",""
"1991年","33000","岡山県","1254",""
"1991年","34000","広島県","1233",""
"1991年","35000","山口県","1453",""
"1991年","36000","徳島県","955",""
"1991年","37000","香川県","888",""
"1991年","38000","愛媛県","1169",""
"1991年","39000","高知県","775",""
"1991年","40000","福岡県","1779",""
"1991年","41000","佐賀県","588",""
"1991年","42000","長崎県","1062",""
"1991年","43000","熊本県","1805",""
"1991年","44000","大分県","1641",""
"1991年","45000","宮崎県","778",""
"1991年","46000","鹿児島県","1692",""
"1991年","47000","沖縄県","972",""
"1992年","01000","北海道","4382",""
"1992年","02000","青森県","1378",""
"1992年","03000","岩手県","1286",""
"1992年","04000","宮城県","1224",""
"1992年","05000","秋田県","961",""
"1992年","06000","山形県","1300",""
"1992年","07000","福島県","2425",""
"1992年","08000","茨城県","1738",""
"1992年","09000","栃木県","2069",""
"1992年","10000","群馬県","1807",""
"1992年","11000","埼玉県","1112",""
"1992年","12000","千葉県","2314",""
"1992年","13000","東京都","2479",""
"1992年","14000","神奈川県","2484",""
"1992年","15000","新潟県","3958",""
"1992年","16000","富山県","759",""
"1992年","17000","石川県","1237",""
"1992年","18000","福井県","1548",""
"1992年","19000","山梨県","1854",""
"1992年","20000","長野県","4387",""
"1992年","21000","岐阜県","1986",""
"1992年","22000","静岡県","5545",""
"1992年","23000","愛知県","2240",""
"1992年","24000","三重県","2482",""
"1992年","25000","滋賀県","850",""
"1992年","26000","京都府","1328",""
"1992年","27000","大阪府","1563",""
"1992年","28000","兵庫県","2688",""
"1992年","29000","奈良県","621",""
"1992年","30000","和歌山県","1365",""
"1992年","31000","鳥取県","634",""
"1992年","32000","島根県","788",""
"1992年","33000","岡山県","1241",""
"1992年","34000","広島県","1217",""
"1992年","35000","山口県","1452",""
"1992年","36000","徳島県","952",""
"1992年","37000","香川県","875",""
"1992年","38000","愛媛県","1166",""
"1992年","39000","高知県","774",""
"1992年","40000","福岡県","1746",""
"1992年","41000","佐賀県","573",""
"1992年","42000","長崎県","1055",""
"1992年","43000","熊本県","1797",""
"1992年","44000","大分県","1647",""
"1992年","45000","宮崎県","787",""
"1992年","46000","鹿児島県","1668",""
"1992年","47000","沖縄県","984",""
"1993年","01000","北海道","4411",""
"1993年","02000","青森県","1366",""
"1993年","03000","岩手県","1277",""
"1993年","04000","宮城県","1234",""
"1993年","05000","秋田県","949",""
"1993年","06000","山形県","1282",""
"1993年","07000","福島県","2435",""
"1993年","08000","茨城県","1740",""
"1993年","09000","栃木県","2094",""
"1993年","10000","群馬県","1801",""
"1993年","11000","埼玉県","1095",""
"1993年","12000","千葉県","2299",""
"1993年","13000","東京都","2463",""
"1993年","14000","神奈川県","2469",""
"1993年","15000","新潟県","3908",""
"1993年","16000","富山県","759",""
"1993年","17000","石川県","1215",""
"1993年","18000","福井県","1509",""
"1993年","19000","山梨県","1887",""
"1993年","20000","長野県","4328",""
"1993年","21000","岐阜県","1989",""
"1993年","22000","静岡県","5526",""
"1993年","23000","愛知県","2216",""
"1993年","24000","三重県","2475",""
"1993年","25000","滋賀県","855",""
"1993年","26000","京都府","1317",""
"1993年","27000","大阪府","1548",""
"1993年","28000","兵庫県","2652",""
"1993年","29000","奈良県","607",""
"1993年","30000","和歌山県","1378",""
"1993年","31000","鳥取県","636",""
"1993年","32000","島根県","769",""
"1993年","33000","岡山県","1243",""
"1993年","34000","広島県","1198",""
"1993年","35000","山口県","1418",""
"1993年","36000","徳島県","946",""
"1993年","37000","香川県","868",""
"1993年","38000","愛媛県","1150",""
"1993年","39000","高知県","760",""
"1993年","40000","福岡県","1655",""
"1993年","41000","佐賀県","567",""
"1993年","42000","長崎県","1050",""
"1993年","43000","熊本県","1740",""
"1993年","44000","大分県","1650",""
"1993年","45000","宮崎県","773",""
"1993年","46000","鹿児島県","1629",""
"1993年","47000","沖縄県","994",""
"1994年","01000","北海道","4431",""
"1994年","02000","青森県","1370",""
"1994年","03000","岩手県","1290",""
"1994年","04000","宮城県","1225",""
"1994年","05000","秋田県","940",""
"1994年","06000","山形県","1273",""
"1994年","07000","福島県","2439",""
"1994年","08000","茨城県","1743",""
"1994年","09000","栃木県","2110",""
"1994年","10000","群馬県","1796",""
"1994年","11000","埼玉県","1094",""
"1994年","12000","千葉県","2284",""
"1994年","13000","東京都","2444",""
"1994年","14000","神奈川県","2460",""
"1994年","15000","新潟県","3861",""
"1994年","16000","富山県","762",""
"1994年","17000","石川県","1217",""
"1994年","18000","福井県","1505",""
"1994年","19000","山梨県","1875",""
"1994年","20000","長野県","4306",""
"1994年","21000","岐阜県","1980",""
"1994年","22000","静岡県","5445",""
"1994年","23000","愛知県","2179",""
"1994年","24000","三重県","2424",""
"1994年","25000","滋賀県","853",""
"1994年","26000","京都府","1291",""
"1994年","27000","大阪府","1539",""
"1994年","28000","兵庫県","2628",""
"1994年","29000","奈良県","605",""
"1994年","30000","和歌山県","1391",""
"1994年","31000","鳥取県","619",""
"1994年","32000","島根県","761",""
"1994年","33000","岡山県","1243",""
"1994年","34000","広島県","1191",""
"1994年","35000","山口県","1380",""
"1994年","36000","徳島県","956",""
"1994年","37000","香川県","864",""
"1994年","38000","愛媛県","1155",""
"1994年","39000","高知県","754",""
"1994年","40000","福岡県","1676",""
"1994年","41000","佐賀県","562",""
"1994年","42000","長崎県","1034",""
"1994年","43000","熊本県","1705",""
"1994年","44000","大分県","1652",""
"1994年","45000","宮崎県","719",""
"1994年","46000","鹿児島県","1620",""
"1994年","47000","沖縄県","1015",""
"1995年","01000","北海道","4386",""
"1995年","02000","青森県","1380",""
"1995年","03000","岩手県","1260",""
"1995年","04000","宮城県","1224",""
"1995年","05000","秋田県","937",""
"1995年","06000","山形県","1250",""
"1995年","07000","福島県","2452",""
"1995年","08000","茨城県","1748",""
"1995年","09000","栃木県","2134",""
"1995年","10000","群馬県","1808",""
"1995年","11000","埼玉県","1087",""
"1995年","12000","千葉県","2238",""
"1995年","13000","東京都","2423",""
"1995年","14000","神奈川県","2428",""
"1995年","15000","新潟県","3950",""
"1995年","16000","富山県","767",""
"1995年","17000","石川県","1213",""
"1995年","18000","福井県","1511",""
"1995年","19000","山梨県","1888",""
"1995年","20000","長野県","4280",""
"1995年","21000","岐阜県","1936",""
"1995年","22000","静岡県","5416",""
"1995年","23000","愛知県","2177",""
"1995年","24000","三重県","2377",""
"1995年","25000","滋賀県","846",""
"1995年","26000","京都府","1293",""
"1995年","27000","大阪府","1527",""
"1995年","28000","兵庫県","2584",""
"1995年","29000","奈良県","607",""
"1995年","30000","和歌山県","1388",""
"1995年","31000","鳥取県","617",""
"1995年","32000","島根県","761",""
"1995年","33000","岡山県","1237",""
"1995年","34000","広島県","1196",""
"1995年","35000","山口県","1359",""
"1995年","36000","徳島県","953",""
"1995年","37000","香川県","861",""
"1995年","38000","愛媛県","1144",""
"1995年","39000","高知県","747",""
"1995年","40000","福岡県","1652",""
"1995年","41000","佐賀県","553",""
"1995年","42000","長崎県","1013",""
"1995年","43000","熊本県","1648",""
"1995年","44000","大分県","1673",""
"1995年","45000","宮崎県","719",""
"1995年","46000","鹿児島県","1608",""
"1995年","47000","沖縄県","992",""
"1996年","01000","北海道","4376",""
"1996年","02000","青森県","1370",""
"1996年","03000","岩手県","1258",""
"1996年","04000","宮城県","1222",""
"1996年","05000","秋田県","928",""
"1996年","06000","山形県","1275",""
"1996年","07000","福島県","2452",""
"1996年","08000","茨城県","1730",""
"1996年","09000","栃木県","2160",""
"1996年","10000","群馬県","1801",""
"1996年","11000","埼玉県","1061",""
"1996年","12000","千葉県","2201",""
"1996年","13000","東京都","2397",""
"1996年","14000","神奈川県","2396",""
"1996年","15000","新潟県","3911",""
"1996年","16000","富山県","756",""
"1996年","17000","石川県","1204",""
"1996年","18000","福井県","1509",""
"1996年","19000","山梨県","1893",""
"1996年","20000","長野県","4277",""
"1996年","21000","岐阜県","1927",""
"1996年","22000","静岡県","5417",""
"1996年","23000","愛知県","2142",""
"1996年","24000","三重県","2376",""
"1996年","25000","滋賀県","848",""
"1996年","26000","京都府","1281",""
"1996年","27000","大阪府","1520",""
"1996年","28000","兵庫県","2515",""
"1996年","29000","奈良県","589",""
"1996年","30000","和歌山県","1386",""
"1996年","31000","鳥取県","610",""
"1996年","32000","島根県","755",""
"1996年","33000","岡山県","1218",""
"1996年","34000","広島県","1174",""
"1996年","35000","山口県","1347",""
"1996年","36000","徳島県","941",""
"1996年","37000","香川県","846",""
"1996年","38000","愛媛県","1112",""
"1996年","39000","高知県","732",""
"1996年","40000","福岡県","1622",""
"1996年","41000","佐賀県","545",""
"1996年","42000","長崎県","994",""
"1996年","43000","熊本県","1667",""
"1996年","44000","大分県","1685",""
"1996年","45000","宮崎県","695",""
"1996年","46000","鹿児島県","1610",""
"1996年","47000","沖縄県","999",""
"1997年","01000","北海道","4328",""
"1997年","02000","青森県","1377",""
"1997年","03000","岩手県","1262",""
"1997年","04000","宮城県","1206",""
"1997年","05000","秋田県","917",""
"1997年","06000","山形県","1277",""
"1997年","07000","福島県","2460",""
"1997年","08000","茨城県","1706",""
"1997年","09000","栃木県","2171",""
"1997年","10000","群馬県","1792",""
"1997年","11000","埼玉県","1056",""
"1997年","12000","千葉県","2167",""
"1997年","13000","東京都","2366",""
"1997年","14000","神奈川県","2371",""
"1997年","15000","新潟県","3884",""
"1997年","16000","富山県","690",""
"1997年","17000","石川県","1202",""
"1997年","18000","福井県","1498",""
"1997年","19000","山梨県","1892",""
"1997年","20000","長野県","4249",""
"1997年","21000","岐阜県","1910",""
"1997年","22000","静岡県","5319",""
"1997年","23000","愛知県","2125",""
"1997年","24000","三重県","2368",""
"1997年","25000","滋賀県","838",""
"1997年","26000","京都府","1246",""
"1997年","27000","大阪府","1529",""
"1997年","28000","兵庫県","2461",""
"1997年","29000","奈良県","570",""
"1997年","30000","和歌山県","1388",""
"1997年","31000","鳥取県","604",""
"1997年","32000","島根県","742",""
"1997年","33000","岡山県","1213",""
"1997年","34000","広島県","1167",""
"1997年","35000","山口県","1329",""
"1997年","36000","徳島県","939",""
"1997年","37000","香川県","772",""
"1997年","38000","愛媛県","910",""
"1997年","39000","高知県","728",""
"1997年","40000","福岡県","1580",""
"1997年","41000","佐賀県","539",""
"1997年","42000","長崎県","979",""
"1997年","43000","熊本県","1653",""
"1997年","44000","大分県","1682",""
"1997年","45000","宮崎県","692",""
"1997年","46000","鹿児島県","1612",""
"1997年","47000","沖縄県","1039",""
"1998年","01000","北海道","4171",""
"1998年","02000","青森県","1353",""
"1998年","03000","岩手県","1276",""
"1998年","04000","宮城県","1187",""
"1998年","05000","秋田県","898",""
"1998年","06000","山形県","1258",""
"1998年","07000","福島県","2424",""
"1998年","08000","茨城県","1673",""
"1998年","09000","栃木県","2170",""
"1998年","10000","群馬県","1793",""
"1998年","11000","埼玉県","1030",""
"1998年","12000","千葉県","2107",""
"1998年","13000","東京都","2311",""
"1998年","14000","神奈川県","2326",""
"1998年","15000","新潟県","3839",""
"1998年","16000","富山県","671",""
"1998年","17000","石川県","1190",""
"1998年","18000","福井県","1483",""
"1998年","19000","山梨県","1870",""
"1998年","20000","長野県","4211",""
"1998年","21000","岐阜県","1885",""
"1998年","22000","静岡県","5259",""
"1998年","23000","愛知県","2082",""
"1998年","24000","三重県","2368",""
"1998年","25000","滋賀県","829",""
"1998年","26000","京都府","1209",""
"1998年","27000","大阪府","1523",""
"1998年","28000","兵庫県","2416",""
"1998年","29000","奈良県","577",""
"1998年","30000","和歌山県","1393",""
"1998年","31000","鳥取県","594",""
"1998年","32000","島根県","726",""
"1998年","33000","岡山県","1210",""
"1998年","34000","広島県","1135",""
"1998年","35000","山口県","1316",""
"1998年","36000","徳島県","940",""
"1998年","37000","香川県","754",""
"1998年","38000","愛媛県","900",""
"1998年","39000","高知県","721",""
"1998年","40000","福岡県","1538",""
"1998年","41000","佐賀県","527",""
"1998年","42000","長崎県","970",""
"1998年","43000","熊本県","1639",""
"1998年","44000","大分県","1683",""
"1998年","45000","宮崎県","678",""
"1998年","46000","鹿児島県","1593",""
"1998年","47000","沖縄県","1045",""
"1999年","01000","北海道","4193",""
"1999年","02000","青森県","1345",""
"1999年","03000","岩手県","1268",""
"1999年","04000","宮城県","1158",""
"1999年","05000","秋田県","891",""
"1999年","06000","山形県","1265",""
"1999年","07000","福島県","2381",""
"1999年","08000","茨城県","1645",""
"1999年","09000","栃木県","2167",""
"1999年","10000","群馬県","1752",""
"1999年","11000","埼玉県","1018",""
"1999年","12000","千葉県","2068",""
"1999年","13000","東京都","2279",""
"1999年","14000","神奈川県","2269",""
"1999年","15000","新潟県","3773",""
"1999年","16000","富山県","679",""
"1999年","17000","石川県","1177",""
"1999年","18000","福井県","1461",""
"1999年","19000","山梨県","1846",""
"1999年","20000","長野県","4158",""
"1999年","21000","岐阜県","1864",""
"1999年","22000","静岡県","5202",""
"1999年","23000","愛知県","2019",""
"1999年","24000","三重県","2286",""
"1999年","25000","滋賀県","823",""
"1999年","26000","京都府","1207",""
"1999年","27000","大阪府","1503",""
"1999年","28000","兵庫県","2372",""
"1999年","29000","奈良県","573",""
"1999年","30000","和歌山県","1392",""
"1999年","31000","鳥取県","579",""
"1999年","32000","島根県","718",""
"1999年","33000","岡山県","1204",""
"1999年","34000","広島県","1095",""
"1999年","35000","山口県","1303",""
"1999年","36000","徳島県","941",""
"1999年","37000","香川県","722",""
"1999年","38000","愛媛県","875",""
"1999年","39000","高知県","710",""
"1999年","40000","福岡県","1514",""
"1999年","41000","佐賀県","521",""
"1999年","42000","長崎県","970",""
"1999年","43000","熊本県","1655",""
"1999年","44000","大分県","1683",""
"1999年","45000","宮崎県","671",""
"1999年","46000","鹿児島県","1598",""
"1999年","47000","沖縄県","1042",""
"2000年","01000","北海道","4170",""
"2000年","02000","青森県","1329",""
"2000年","03000","岩手県","1259",""
"2000年","04000","宮城県","1155",""
"2000年","05000","秋田県","888",""
"2000年","06000","山形県","1258",""
"2000年","07000","福島県","2344",""
"2000年","08000","茨城県","1617",""
"2000年","09000","栃木県","2153",""
"2000年","10000","群馬県","1750",""
"2000年","11000","埼玉県","1003",""
"2000年","12000","千葉県","2020",""
"2000年","13000","東京都","2246",""
"2000年","14000","神奈川県","2193",""
"2000年","15000","新潟県","3704",""
"2000年","16000","富山県","661",""
"2000年","17000","石川県","1159",""
"2000年","18000","福井県","1444",""
"2000年","19000","山梨県","1827",""
"2000年","20000","長野県","4075",""
"2000年","21000","岐阜県","1836",""
"2000年","22000","静岡県","5154",""
"2000年","23000","愛知県","1986",""
"2000年","24000","三重県","2265",""
"2000年","25000","滋賀県","810",""
"2000年","26000","京都府","1201",""
"2000年","27000","大阪府","1474",""
"2000年","28000","兵庫県","2332",""
"2000年","29000","奈良県","555",""
"2000年","30000","和歌山県","1379",""
"2000年","31000","鳥取県","573",""
"2000年","32000","島根県","710",""
"2000年","33000","岡山県","1162",""
"2000年","34000","広島県","1085",""
"2000年","35000","山口県","1300",""
"2000年","36000","徳島県","942",""
"2000年","37000","香川県","715",""
"2000年","38000","愛媛県","867",""
"2000年","39000","高知県","695",""
"2000年","40000","福岡県","1492",""
"2000年","41000","佐賀県","513",""
"2000年","42000","長崎県","963",""
"2000年","43000","熊本県","1621",""
"2000年","44000","大分県","1676",""
"2000年","45000","宮崎県","664",""
"2000年","46000","鹿児島県","1589",""
"2000年","47000","沖縄県","1062",""
"2001年","01000","北海道","4101",""
"2001年","02000","青森県","1297",""
"2001年","03000","岩手県","1251",""
"2001年","04000","宮城県","1129",""
"2001年","05000","秋田県","854",""
"2001年","06000","山形県","1230",""
"2001年","07000","福島県","2316",""
"2001年","08000","茨城県","1582",""
"2001年","09000","栃木県","1995",""
"2001年","10000","群馬県","1725",""
"2001年","11000","埼玉県","979",""
"2001年","12000","千葉県","1979",""
"2001年","13000","東京都","2163",""
"2001年","14000","神奈川県","2132",""
"2001年","15000","新潟県","3625",""
"2001年","16000","富山県","659",""
"2001年","17000","石川県","1139",""
"2001年","18000","福井県","1430",""
"2001年","19000","山梨県","1777",""
"2001年","20000","長野県","3976",""
"2001年","21000","岐阜県","1787",""
"2001年","22000","静岡県","5069",""
"2001年","23000","愛知県","1939",""
"2001年","24000","三重県","2209",""
"2001年","25000","滋賀県","791",""
"2001年","26000","京都府","1179",""
"2001年","27000","大阪府","1458",""
"2001年","28000","兵庫県","2256",""
"2001年","29000","奈良県","549",""
"2001年","30000","和歌山県","1382",""
"2001年","31000","鳥取県","555",""
"2001年","32000","島根県","688",""
"2001年","33000","岡山県","1115",""
"2001年","34000","広島県","1053",""
"2001年","35000","山口県","1263",""
"2001年","36000","徳島県","939",""
"2001年","37000","香川県","685",""
"2001年","38000","愛媛県","833",""
"2001年","39000","高知県","659",""
"2001年","40000","福岡県","1431",""
"2001年","41000","佐賀県","498",""
"2001年","42000","長崎県","942",""
"2001年","43000","熊本県","1579",""
"2001年","44000","大分県","1662",""
"2001年","45000","宮崎県","650",""
"2001年","46000","鹿児島県","1512",""
"2001年","47000","沖縄県","1029",""
"2002年","01000","北海道","4045",""
"2002年","02000","青森県","1286",""
"2002年","03000","岩手県","1231",""
"2002年","04000","宮城県","1082",""
"2002年","05000","秋田県","816",""
"2002年","06000","山形県","1214",""
"2002年","07000","福島県","2256",""
"2002年","08000","茨城県","1556",""
"2002年","09000","栃木県","2089",""
"2002年","10000","群馬県","1700",""
"2002年","11000","埼玉県","960",""
"2002年","12000","千葉県","1913",""
"2002年","13000","東京都","2121",""
"2002年","14000","神奈川県","2077",""
"2002年","15000","新潟県","3505",""
"2002年","16000","富山県","643",""
"2002年","17000","石川県","1124",""
"2002年","18000","福井県","1415",""
"2002年","19000","山梨県","1750",""
"2002年","20000","長野県","3924",""
"2002年","21000","岐阜県","1744",""
"2002年","22000","静岡県","4952",""
"2002年","23000","愛知県","1892",""
"2002年","24000","三重県","2176",""
"2002年","25000","滋賀県","776",""
"2002年","26000","京都府","1158",""
"2002年","27000","大阪府","1379",""
"2002年","28000","兵庫県","2205",""
"2002年","29000","奈良県","539",""
"2002年","30000","和歌山県","1365",""
"2002年","31000","鳥取県","553",""
"2002年","32000","島根県","681",""
"2002年","33000","岡山県","1083",""
"2002年","34000","広島県","1027",""
"2002年","35000","山口県","1216",""
"2002年","36000","徳島県","926",""
"2002年","37000","香川県","673",""
"2002年","38000","愛媛県","821",""
"2002年","39000","高知県","646",""
"2002年","40000","福岡県","1393",""
"2002年","41000","佐賀県","489",""
"2002年","42000","長崎県","923",""
"2002年","43000","熊本県","1612",""
"2002年","44000","大分県","1670",""
"2002年","45000","宮崎県","643",""
"2002年","46000","鹿児島県","1473",""
"2002年","47000","沖縄県","1029",""
"2003年","01000","北海道","3989",""
"2003年","02000","青森県","1271",""
"2003年","03000","岩手県","1209",""
"2003年","04000","宮城県","1068",""
"2003年","05000","秋田県","802",""
"2003年","06000","山形県","1177",""
"2003年","07000","福島県","2220",""
"2003年","08000","茨城県","1533",""
"2003年","09000","栃木県","2048",""
"2003年","10000","群馬県","1668",""
"2003年","11000","埼玉県","939",""
"2003年","12000","千葉県","1853",""
"2003年","13000","東京都","2095",""
"2003年","14000","神奈川県","1985",""
"2003年","15000","新潟県","3229",""
"2003年","16000","富山県","623",""
"2003年","17000","石川県","1102",""
"2003年","18000","福井県","1403",""
"2003年","19000","山梨県","1746",""
"2003年","20000","長野県","3829",""
"2003年","21000","岐阜県","1720",""
"2003年","22000","静岡県","4874",""
"2003年","23000","愛知県","1836",""
"2003年","24000","三重県","2165",""
"2003年","25000","滋賀県","740",""
"2003年","26000","京都府","1129",""
"2003年","27000","大阪府","1329",""
"2003年","28000","兵庫県","2127",""
"2003年","29000","奈良県","530",""
"2003年","30000","和歌山県","1310",""
"2003年","31000","鳥取県","551",""
"2003年","32000","島根県","664",""
"2003年","33000","岡山県","1065",""
"2003年","34000","広島県","1000",""
"2003年","35000","山口県","1196",""
"2003年","36000","徳島県","923",""
"2003年","37000","香川県","624",""
"2003年","38000","愛媛県","788",""
"2003年","39000","高知県","629",""
"2003年","40000","福岡県","1368",""
"2003年","41000","佐賀県","475",""
"2003年","42000","長崎県","889",""
"2003年","43000","熊本県","1600",""
"2003年","44000","大分県","1679",""
"2003年","45000","宮崎県","630",""
"2003年","46000","鹿児島県","1455",""
"2003年","47000","沖縄県","1016",""
"2004年","01000","北海道","3896",""
"2004年","02000","青森県","1205",""
"2004年","03000","岩手県","1182",""
"2004年","04000","宮城県","1034",""
"2004年","05000","秋田県","781",""
"2004年","06000","山形県","1164",""
"2004年","07000","福島県","2173",""
"2004年","08000","茨城県","1532",""
"2004年","09000","栃木県","2009",""
"2004年","10000","群馬県","1647",""
"2004年","11000","埼玉県","927",""
"2004年","12000","千葉県","1794",""
"2004年","13000","東京都","2068",""
"2004年","14000","神奈川県","1924",""
"2004年","15000","新潟県","3119",""
"2004年","16000","富山県","611",""
"2004年","17000","石川県","1090",""
"2004年","18000","福井県","1371",""
"2004年","19000","山梨県","1730",""
"2004年","20000","長野県","3783",""
"2004年","21000","岐阜県","1666",""
"2004年","22000","静岡県","4775",""
"2004年","23000","愛知県","1791",""
"2004年","24000","三重県","2152",""
"2004年","25000","滋賀県","720",""
"2004年","26000","京都府","1089",""
"2004年","27000","大阪府","1333",""
"2004年","28000","兵庫県","2060",""
"2004年","29000","奈良県","523",""
"2004年","30000","和歌山県","1268",""
"2004年","31000","鳥取県","540",""
"2004年","32000","島根県","632",""
"2004年","33000","岡山県","1045",""
"2004年","34000","広島県","983",""
"2004年","35000","山口県","1168",""
"2004年","36000","徳島県","914",""
"2004年","37000","香川県","591",""
"2004年","38000","愛媛県","718",""
"2004年","39000","高知県","610",""
"2004年","40000","福岡県","1321",""
"2004年","41000","佐賀県","460",""
"2004年","42000","長崎県","875",""
"2004年","43000","熊本県","1572",""
"2004年","44000","大分県","1577",""
"2004年","45000","宮崎県","601",""
"2004年","46000","鹿児島県","1416",""
"2004年","47000","沖縄県","1000",""
"2005年","01000","北海道","3831",""
"2005年","02000","青森県","1139",""
"2005年","03000","岩手県","1142",""
"2005年","04000","宮城県","1014",""
"2005年","05000","秋田県","764",""
"2005年","06000","山形県","1135",""
"2005年","07000","福島県","2130",""
"2005年","08000","茨城県","1535",""
"2005年","09000","栃木県","1951",""
"2005年","10000","群馬県","1622",""
"2005年","11000","埼玉県","909",""
"2005年","12000","千葉県","1750",""
"2005年","13000","東京都","2042",""
"2005年","14000","神奈川県","1856",""
"2005年","15000","新潟県","3086",""
"2005年","16000","富山県","599",""
"2005年","17000","石川県","1075",""
"2005年","18000","福井県","1358",""
"2005年","19000","山梨県","1694",""
"2005年","20000","長野県","3635",""
"2005年","21000","岐阜県","1627",""
"2005年","22000","静岡県","4542",""
"2005年","23000","愛知県","1764",""
"2005年","24000","三重県","2112",""
"2005年","25000","滋賀県","701",""
"2005年","26000","京都府","1066",""
"2005年","27000","大阪府","1304",""
"2005年","28000","兵庫県","1996",""
"2005年","29000","奈良県","517",""
"2005年","30000","和歌山県","1187",""
"2005年","31000","鳥取県","521",""
"2005年","32000","島根県","617",""
"2005年","33000","岡山県","1011",""
"2005年","34000","広島県","955",""
"2005年","35000","山口県","1147",""
"2005年","36000","徳島県","887",""
"2005年","37000","香川県","582",""
"2005年","38000","愛媛県","703",""
"2005年","39000","高知県","604",""
"2005年","40000","福岡県","1302",""
"2005年","41000","佐賀県","443",""
"2005年","42000","長崎県","849",""
"2005年","43000","熊本県","1528",""
"2005年","44000","大分県","1578",""
"2005年","45000","宮崎県","595",""
"2005年","46000","鹿児島県","1415",""
"2005年","47000","沖縄県","994",""
"2006年","01000","北海道","3718",""
"2006年","02000","青森県","1048",""
"2006年","03000","岩手県","1116",""
"2006年","04000","宮城県","990",""
"2006年","05000","秋田県","756",""
"2006年","06000","山形県","1104",""
"2006年","07000","福島県","2078",""
"2006年","08000","茨城県","1526",""
"2006年","09000","栃木県","1902",""
"2006年","10000","群馬県","1565",""
"2006年","11000","埼玉県","893",""
"2006年","12000","千葉県","1703",""
"2006年","13000","東京都","2018",""
"2006年","14000","神奈川県","1816",""
"2006年","15000","新潟県","2962",""
"2006年","16000","富山県","581",""
"2006年","17000","石川県","968",""
"2006年","18000","福井県","1322",""
"2006年","19000","山梨県","1667",""
"2006年","20000","長野県","3572",""
"2006年","21000","岐阜県","1585",""
"2006年","22000","静岡県","4306",""
"2006年","23000","愛知県","1692",""
"2006年","24000","三重県","2030",""
"2006年","25000","滋賀県","647",""
"2006年","26000","京都府","1025",""
"2006年","27000","大阪府","1311",""
"2006年","28000","兵庫県","1942",""
"2006年","29000","奈良県","510",""
"2006年","30000","和歌山県","1145",""
"2006年","31000","鳥取県","515",""
"2006年","32000","島根県","589",""
"2006年","33000","岡山県","1005",""
"2006年","34000","広島県","950",""
"2006年","35000","山口県","1101",""
"2006年","36000","徳島県","759",""
"2006年","37000","香川県","560",""
"2006年","38000","愛媛県","639",""
"2006年","39000","高知県","594",""
"2006年","40000","福岡県","1250",""
"2006年","41000","佐賀県","440",""
"2006年","42000","長崎県","827",""
"2006年","43000","熊本県","1508",""
"2006年","44000","大分県","1409",""
"2006年","45000","宮崎県","591",""
"2006年","46000","鹿児島県","1395",""
"2006年","47000","沖縄県","927",""
"2007年","01000","北海道","3666",""
"2007年","02000","青森県","1015",""
"2007年","03000","岩手県","1077",""
"2007年","04000","宮城県","982",""
"2007年","05000","秋田県","721",""
"2007年","06000","山形県","1094",""
"2007年","07000","福島県","2047",""
"2007年","08000","茨城県","1509",""
"2007年","09000","栃木県","1847",""
"2007年","10000","群馬県","1565",""
"2007年","11000","埼玉県","880",""
"2007年","12000","千葉県","1665",""
"2007年","13000","東京都","2004",""
"2007年","14000","神奈川県","1763",""
"2007年","15000","新潟県","2956",""
"2007年","16000","富山県","560",""
"2007年","17000","石川県","953",""
"2007年","18000","福井県","1285",""
"2007年","19000","山梨県","1616",""
"2007年","20000","長野県","3482",""
"2007年","21000","岐阜県","1501",""
"2007年","22000","静岡県","4199",""
"2007年","23000","愛知県","1645",""
"2007年","24000","三重県","1998",""
"2007年","25000","滋賀県","606",""
"2007年","26000","京都府","1009",""
"2007年","27000","大阪府","1316",""
"2007年","28000","兵庫県","1907",""
"2007年","29000","奈良県","498",""
"2007年","30000","和歌山県","1050",""
"2007年","31000","鳥取県","505",""
"2007年","32000","島根県","574",""
"2007年","33000","岡山県","994",""
"2007年","34000","広島県","919",""
"2007年","35000","山口県","1073",""
"2007年","36000","徳島県","743",""
"2007年","37000","香川県","552",""
"2007年","38000","愛媛県","620",""
"2007年","39000","高知県","587",""
"2007年","40000","福岡県","1224",""
"2007年","41000","佐賀県","430",""
"2007年","42000","長崎県","812",""
"2007年","43000","熊本県","1506",""
"2007年","44000","大分県","1422",""
"2007年","45000","宮崎県","566",""
"2007年","46000","鹿児島県","1397",""
"2007年","47000","沖縄県","947",""
"2008年","01000","北海道","3556",""
"2008年","02000","青森県","972",""
"2008年","03000","岩手県","1046",""
"2008年","04000","宮城県","976",""
"2008年","05000","秋田県","699",""
"2008年","06000","山形県","1073",""
"2008年","07000","福島県","1989",""
"2008年","08000","茨城県","1470",""
"2008年","09000","栃木県","1772",""
"2008年","10000","群馬県","1479",""
"2008年","11000","埼玉県","876",""
"2008年","12000","千葉県","1643",""
"2008年","13000","東京都","1999",""
"2008年","14000","神奈川県","1719",""
"2008年","15000","新潟県","2807",""
"2008年","16000","富山県","552",""
"2008年","17000","石川県","944",""
"2008年","18000","福井県","1242",""
"2008年","19000","山梨県","1586",""
"2008年","20000","長野県","3442",""
"2008年","21000","岐阜県","1471",""
"2008年","22000","静岡県","4107",""
"2008年","23000","愛知県","1594",""
"2008年","24000","三重県","1969",""
"2008年","25000","滋賀県","569",""
"2008年","26000","京都府","990",""
"2008年","27000","大阪府","1305",""
"2008年","28000","兵庫県","1879",""
"2008年","29000","奈良県","490",""
"2008年","30000","和歌山県","976",""
"2008年","31000","鳥取県","505",""
"2008年","32000","島根県","557",""
"2008年","33000","岡山県","968",""
"2008年","34000","広島県","872",""
"2008年","35000","山口県","1047",""
"2008年","36000","徳島県","735",""
"2008年","37000","香川県","526",""
"2008年","38000","愛媛県","602",""
"2008年","39000","高知県","577",""
"2008年","40000","福岡県","1206",""
"2008年","41000","佐賀県","425",""
"2008年","42000","長崎県","806",""
"2008年","43000","熊本県","1469",""
"2008年","44000","大分県","1372",""
"2008年","45000","宮崎県","556",""
"2008年","46000","鹿児島県","1382",""
"2008年","47000","沖縄県","940",""
"2009年","01000","北海道","3504",""
"2009年","02000","青森県","958",""
"2009年","03000","岩手県","1023",""
"2009年","04000","宮城県","960",""
"2009年","05000","秋田県","682",""
"2009年","06000","山形県","1050",""
"2009年","07000","福島県","1951",""
"2009年","08000","茨城県","1441",""
"2009年","09000","栃木県","1674",""
"2009年","10000","群馬県","1420",""
"2009年","11000","埼玉県","855",""
"2009年","12000","千葉県","1615",""
"2009年","13000","東京都","1981",""
"2009年","14000","神奈川県","1678",""
"2009年","15000","新潟県","2744",""
"2009年","16000","富山県","537",""
"2009年","17000","石川県","931",""
"2009年","18000","福井県","1219",""
"2009年","19000","山梨県","1555",""
"2009年","20000","長野県","3367",""
"2009年","21000","岐阜県","1427",""
"2009年","22000","静岡県","4028",""
"2009年","23000","愛知県","1567",""
"2009年","24000","三重県","1896",""
"2009年","25000","滋賀県","568",""
"2009年","26000","京都府","977",""
"2009年","27000","大阪府","1283",""
"2009年","28000","兵庫県","1847",""
"2009年","29000","奈良県","490",""
"2009年","30000","和歌山県","961",""
"2009年","31000","鳥取県","479",""
"2009年","32000","島根県","541",""
"2009年","33000","岡山県","938",""
"2009年","34000","広島県","835",""
"2009年","35000","山口県","1030",""
"2009年","36000","徳島県","726",""
"2009年","37000","香川県","506",""
"2009年","38000","愛媛県","586",""
"2009年","39000","高知県","576",""
"2009年","40000","福岡県","1167",""
"2009年","41000","佐賀県","417",""
"2009年","42000","長崎県","792",""
"2009年","43000","熊本県","1428",""
"2009年","44000","大分県","1379",""
"2009年","45000","宮崎県","548",""
"2009年","46000","鹿児島県","1350",""
"2009年","47000","沖縄県","962",""
"2010年","01000","北海道","3456",""
"2010年","02000","青森県","940",""
"2010年","03000","岩手県","990",""
"2010年","04000","宮城県","912",""
"2010年","05000","秋田県","661",""
"2010年","06000","山形県","1015",""
"2010年","07000","福島県","1902",""
"2010年","08000","茨城県","1410",""
"2010年","09000","栃木県","1651",""
"2010年","10000","群馬県","1375",""
"2010年","11000","埼玉県","826",""
"2010年","12000","千葉県","1562",""
"2010年","13000","東京都","1959",""
"2010年","14000","神奈川県","1639",""
"2010年","15000","新潟県","2644",""
"2010年","16000","富山県","523",""
"2010年","17000","石川県","887",""
"2010年","18000","福井県","1197",""
"2010年","19000","山梨県","1527",""
"2010年","20000","長野県","3238",""
"2010年","21000","岐阜県","1399",""
"2010年","22000","静岡県","3681",""
"2010年","23000","愛知県","1542",""
"2010年","24000","三重県","1865",""
"2010年","25000","滋賀県","562",""
"2010年","26000","京都府","961",""
"2010年","27000","大阪府","1253",""
"2010年","28000","兵庫県","1799",""
"2010年","29000","奈良県","486",""
"2010年","30000","和歌山県","936",""
"2010年","31000","鳥取県","479",""
"2010年","32000","島根県","525",""
"2010年","33000","岡山県","912",""
"2010年","34000","広島県","810",""
"2010年","35000","山口県","987",""
"2010年","36000","徳島県","661",""
"2010年","37000","香川県","482",""
"2010年","38000","愛媛県","569",""
"2010年","39000","高知県","538",""
"2010年","40000","福岡県","1142",""
"2010年","41000","佐賀県","411",""
"2010年","42000","長崎県","786",""
"2010年","43000","熊本県","1406",""
"2010年","44000","大分県","1348",""
"2010年","45000","宮崎県","538",""
"2010年","46000","鹿児島県","1314",""
"2010年","47000","沖縄県","948",""
"2011年","01000","北海道","3392",""
"2011年","02000","青森県","922",""
"2011年","03000","岩手県","969",""
"2011年","04000","宮城県","243",""
"2011年","05000","秋田県","653",""
"2011年","06000","山形県","989",""
"2011年","07000","福島県","1676",""
"2011年","08000","茨城県","1391",""
"2011年","09000","栃木県","1594",""
"2011年","10000","群馬県","1372",""
"2011年","11000","埼玉県","812",""
"2011年","12000","千葉県","1526",""
"2011年","13000","東京都","1972",""
"2011年","14000","神奈川県","1601",""
"2011年","15000","新潟県","2655",""
"2011年","16000","富山県","516",""
"2011年","17000","石川県","877",""
"2011年","18000","福井県","1183",""
"2011年","19000","山梨県","1501",""
"2011年","20000","長野県","3159",""
"2011年","21000","岐阜県","1273",""
"2011年","22000","静岡県","3602",""
"2011年","23000","愛知県","1503",""
"2011年","24000","三重県","1795",""
"2011年","25000","滋賀県","557",""
"2011年","26000","京都府","937",""
"2011年","27000","大阪府","1234",""
"2011年","28000","兵庫県","1752",""
"2011年","29000","奈良県","480",""
"2011年","30000","和歌山県","892",""
"2011年","31000","鳥取県","462",""
"2011年","32000","島根県","521",""
"2011年","33000","岡山県","851",""
"2011年","34000","広島県","819",""
"2011年","35000","山口県","975",""
"2011年","36000","徳島県","652",""
"2011年","37000","香川県","476",""
"2011年","38000","愛媛県","564",""
"2011年","39000","高知県","528",""
"2011年","40000","福岡県","1121",""
"2011年","41000","佐賀県","403",""
"2011年","42000","長崎県","735",""
"2011年","43000","熊本県","1399",""
"2011年","44000","大分県","1329",""
"2011年","45000","宮崎県","527",""
"2011年","46000","鹿児島県","1270",""
"2011年","47000","沖縄県","956",""
"2012年","01000","北海道","3301",""
"2012年","02000","青森県","906",""
"2012年","03000","岩手県","934",""
"2012年","04000","宮城県","860",""
"2012年","05000","秋田県","632",""
"2012年","06000","山形県","971",""
"2012年","07000","福島県","1811",""
"2012年","08000","茨城県","1341",""
"2012年","09000","栃木県","1563",""
"2012年","10000","群馬県","1340",""
"2012年","11000","埼玉県","783",""
"2012年","12000","千葉県","1476",""
"2012年","13000","東京都","1944",""
"2012年","14000","神奈川県","1562",""
"2012年","15000","新潟県","2556",""
"2012年","16000","富山県","502",""
"2012年","17000","石川県","857",""
"2012年","18000","福井県","1155",""
"2012年","19000","山梨県","1469",""
"2012年","20000","長野県","3111",""
"2012年","21000","岐阜県","1251",""
"2012年","22000","静岡県","3528",""
"2012年","23000","愛知県","1439",""
"2012年","24000","三重県","1711",""
"2012年","25000","滋賀県","546",""
"2012年","26000","京都府","946",""
"2012年","27000","大阪府","1185",""
"2012年","28000","兵庫県","1709",""
"2012年","29000","奈良県","477",""
"2012年","30000","和歌山県","857",""
"2012年","31000","鳥取県","451",""
"2012年","32000","島根県","507",""
"2012年","33000","岡山県","827",""
"2012年","34000","広島県","810",""
"2012年","35000","山口県","936",""
"2012年","36000","徳島県","632",""
"2012年","37000","香川県","470",""
"2012年","38000","愛媛県","564",""
"2012年","39000","高知県","519",""
"2012年","40000","福岡県","1108",""
"2012年","41000","佐賀県","386",""
"2012年","42000","長崎県","704",""
"2012年","43000","熊本県","1382",""
"2012年","44000","大分県","1315",""
"2012年","45000","宮崎県","522",""
"2012年","46000","鹿児島県","1255",""
"2012年","47000","沖縄県","948",""
"2013年","01000","北海道","3246",""
"2013年","02000","青森県","890",""
"2013年","03000","岩手県","923",""
"2013年","04000","宮城県","849",""
"2013年","05000","秋田県","615",""
"2013年","06000","山形県","927",""
"2013年","07000","福島県","1771",""
"2013年","08000","茨城県","1246",""
"2013年","09000","栃木県","1517",""
"2013年","10000","群馬県","1306",""
"2013年","11000","埼玉県","747",""
"2013年","12000","千葉県","1435",""
"2013年","13000","東京都","1914",""
"2013年","14000","神奈川県","1498",""
"2013年","15000","新潟県","2408",""
"2013年","16000","富山県","491",""
"2013年","17000","石川県","826",""
"2013年","18000","福井県","1126",""
"2013年","19000","山梨県","1454",""
"2013年","20000","長野県","3039",""
"2013年","21000","岐阜県","1233",""
"2013年","22000","静岡県","3464",""
"2013年","23000","愛知県","1371",""
"2013年","24000","三重県","1691",""
"2013年","25000","滋賀県","536",""
"2013年","26000","京都府","936",""
"2013年","27000","大阪府","1167",""
"2013年","28000","兵庫県","1663",""
"2013年","29000","奈良県","468",""
"2013年","30000","和歌山県","824",""
"2013年","31000","鳥取県","444",""
"2013年","32000","島根県","489",""
"2013年","33000","岡山県","818",""
"2013年","34000","広島県","780",""
"2013年","35000","山口県","912",""
"2013年","36000","徳島県","631",""
"2013年","37000","香川県","453",""
"2013年","38000","愛媛県","540",""
"2013年","39000","高知県","507",""
"2013年","40000","福岡県","1057",""
"2013年","41000","佐賀県","378",""
"2013年","42000","長崎県","678",""
"2013年","43000","熊本県","1363",""
"2013年","44000","大分県","1231",""
"2013年","45000","宮崎県","511",""
"2013年","46000","鹿児島県","1223",""
"2013年","47000","沖縄県","944",""
"2014年","01000","北海道","3163",""
"2014年","02000","青森県","852",""
"2014年","03000","岩手県","910",""
"2014年","04000","宮城県","831",""
"2014年","05000","秋田県","611",""
"2014年","06000","山形県","901",""
"2014年","07000","福島県","1704",""
"2014年","08000","茨城県","1173",""
"2014年","09000","栃木県","1483",""
"2014年","10000","群馬県","1286",""
"2014年","11000","埼玉県","725",""
"2014年","12000","千葉県","1416",""
"2014年","13000","東京都","1884",""
"2014年","14000","神奈川県","1443",""
"2014年","15000","新潟県","2355",""
"2014年","16000","富山県","476",""
"2014年","17000","石川県","804",""
"2014年","18000","福井県","1102",""
"2014年","19000","山梨県","1434",""
"2014年","20000","長野県","3002",""
"2014年","21000","岐阜県","1209",""
"2014年","22000","静岡県","3344",""
"2014年","23000","愛知県","1313",""
"2014年","24000","三重県","1653",""
"2014年","25000","滋賀県","529",""
"2014年","26000","京都府","919",""
"2014年","27000","大阪府","1157",""
"2014年","28000","兵庫県","1637",""
"2014年","29000","奈良県","457",""
"2014年","30000","和歌山県","793",""
"2014年","31000","鳥取県","443",""
"2014年","32000","島根県","479",""
"2014年","33000","岡山県","800",""
"2014年","34000","広島県","771",""
"2014年","35000","山口県","895",""
"2014年","36000","徳島県","607",""
"2014年","37000","香川県","444",""
"2014年","38000","愛媛県","511",""
"2014年","39000","高知県","497",""
"2014年","40000","福岡県","1041",""
"2014年","41000","佐賀県","377",""
"2014年","42000","長崎県","652",""
"2014年","43000","熊本県","1325",""
"2014年","44000","大分県","1231",""
"2014年","45000","宮崎県","493",""
"2014年","46000","鹿児島県","1115",""
"2014年","47000","沖縄県","925",""
"2015年","01000","北海道","3080",""
"2015年","02000","青森県","823",""
"2015年","03000","岩手県","859",""
"2015年","04000","宮城県","816",""
"2015年","05000","秋田県","600",""
"2015年","06000","山形県","884",""
"2015年","07000","福島県","1659",""
"2015年","08000","茨城県","1072",""
"2015年","09000","栃木県","1463",""
"2015年","10000","群馬県","1260",""
"2015年","11000","埼玉県","718",""
"2015年","12000","千葉県","1377",""
"2015年","13000","東京都","1869",""
"2015年","14000","神奈川県","1416",""
"2015年","15000","新潟県","2291",""
"2015年","16000","富山県","460",""
"2015年","17000","石川県","791",""
"2015年","18000","福井県","1067",""
"2015年","19000","山梨県","1411",""
"2015年","20000","長野県","2946",""
"2015年","21000","岐阜県","1187",""
"2015年","22000","静岡県","3233",""
"2015年","23000","愛知県","1277",""
"2015年","24000","三重県","1597",""
"2015年","25000","滋賀県","521",""
"2015年","26000","京都府","909",""
"2015年","27000","大阪府","1130",""
"2015年","28000","兵庫県","1610",""
"2015年","29000","奈良県","453",""
"2015年","30000","和歌山県","735",""
"2015年","31000","鳥取県","437",""
"2015年","32000","島根県","466",""
"2015年","33000","岡山県","760",""
"2015年","34000","広島県","744",""
"2015年","35000","山口県","857",""
"2015年","36000","徳島県","601",""
"2015年","37000","香川県","429",""
"2015年","38000","愛媛県","497",""
"2015年","39000","高知県","461",""
"2015年","40000","福岡県","1014",""
"2015年","41000","佐賀県","362",""
"2015年","42000","長崎県","641",""
"2015年","43000","熊本県","1269",""
"2015年","44000","大分県","1215",""
"2015年","45000","宮崎県","493",""
"2015年","46000","鹿児島県","1093",""
"2015年","47000","沖縄県","925",""
"2016年","01000","北海道","2964",""
"2016年","02000","青森県","768",""
"2016年","03000","岩手県","847",""
"2016年","04000","宮城県","815",""
"2016年","05000","秋田県","590",""
"2016年","06000","山形県","853",""
"2016年","07000","福島県","1642",""
"2016年","08000","茨城県","1028",""
"2016年","09000","栃木県","1459",""
"2016年","10000","群馬県","1248",""
"2016年","11000","埼玉県","712",""
"2016年","12000","千葉県","1351",""
"2016年","13000","東京都","1891",""
"2016年","14000","神奈川県","1387",""
"2016年","15000","新潟県","2216",""
"2016年","16000","富山県","444",""
"2016年","17000","石川県","766",""
"2016年","18000","福井県","1021",""
"2016年","19000","山梨県","1398",""
"2016年","20000","長野県","2883",""
"2016年","21000","岐阜県","1160",""
"2016年","22000","静岡県","3146",""
"2016年","23000","愛知県","1236",""
"2016年","24000","三重県","1541",""
"2016年","25000","滋賀県","514",""
"2016年","26000","京都府","899",""
"2016年","27000","大阪府","1137",""
"2016年","28000","兵庫県","1574",""
"2016年","29000","奈良県","446",""
"2016年","30000","和歌山県","697",""
"2016年","31000","鳥取県","435",""
"2016年","32000","島根県","455",""
"2016年","33000","岡山県","744",""
"2016年","34000","広島県","733",""
"2016年","35000","山口県","812",""
"2016年","36000","徳島県","597",""
"2016年","37000","香川県","419",""
"2016年","38000","愛媛県","479",""
"2016年","39000","高知県","432",""
"2016年","40000","福岡県","996",""
"2016年","41000","佐賀県","358",""
"2016年","42000","長崎県","633",""
"2016年","43000","熊本県","1247",""
"2016年","44000","大分県","1176",""
"2016年","45000","宮崎県","482",""
"2016年","46000","鹿児島県","1079",""
"2016年","47000","沖縄県","918",""
"2017年","01000","北海道","2891",""
"2017年","02000","青森県","704",""
"2017年","03000","岩手県","837",""
"2017年","04000","宮城県","806",""
"2017年","05000","秋田県","577",""
"2017年","06000","山形県","835",""
"2017年","07000","福島県","1623",""
"2017年","08000","茨城県","996",""
"2017年","09000","栃木県","1437",""
"2017年","10000","群馬県","1225",""
"2017年","11000","埼玉県","709",""
"2017年","12000","千葉県","1333",""
"2017年","13000","東京都","1939",""
"2017年","14000","神奈川県","1362",""
"2017年","15000","新潟県","2175",""
"2017年","16000","富山県","435",""
"2017年","17000","石川県","759",""
"2017年","18000","福井県","1003",""
"2017年","19000","山梨県","1384",""
"2017年","20000","長野県","2750",""
"2017年","21000","岐阜県","1136",""
"2017年","22000","静岡県","3073",""
"2017年","23000","愛知県","1184",""
"2017年","24000","三重県","1457",""
"2017年","25000","滋賀県","508",""
"2017年","26000","京都府","906",""
"2017年","27000","大阪府","1160",""
"2017年","28000","兵庫県","1554",""
"2017年","29000","奈良県","405",""
"2017年","30000","和歌山県","724",""
"2017年","31000","鳥取県","386",""
"2017年","32000","島根県","438",""
"2017年","33000","岡山県","723",""
"2017年","34000","広島県","726",""
"2017年","35000","山口県","770",""
"2017年","36000","徳島県","583",""
"2017年","37000","香川県","409",""
"2017年","38000","愛媛県","465",""
"2017年","39000","高知県","406",""
"2017年","40000","福岡県","963",""
"2017年","41000","佐賀県","354",""
"2017年","42000","長崎県","622",""
"2017年","43000","熊本県","1221",""
"2017年","44000","大分県","1168",""
"2017年","45000","宮崎県","474",""
"2017年","46000","鹿児島県","1046",""
"2017年","47000","沖縄県","949",""
"2018年","01000","北海道","2897",""
"2018年","02000","青森県","693",""
"2018年","03000","岩手県","826",""
"2018年","04000","宮城県","785",""
"2018年","05000","秋田県","565",""
"2018年","06000","山形県","834",""
"2018年","07000","福島県","1581",""
"2018年","08000","茨城県","973",""
"2018年","09000","栃木県","1418",""
"2018年","10000","群馬県","1197",""
"2018年","11000","埼玉県","694",""
"2018年","12000","千葉県","1328",""
"2018年","13000","東京都","2024",""
"2018年","14000","神奈川県","1341",""
"2018年","15000","新潟県","2140",""
"2018年","16000","富山県","433",""
"2018年","17000","石川県","760",""
"2018年","18000","福井県","987",""
"2018年","19000","山梨県","1341",""
"2018年","20000","長野県","2677",""
"2018年","21000","岐阜県","1133",""
"2018年","22000","静岡県","3004",""
"2018年","23000","愛知県","1175",""
"2018年","24000","三重県","1394",""
"2018年","25000","滋賀県","506",""
"2018年","26000","京都府","921",""
"2018年","27000","大阪府","1230",""
"2018年","28000","兵庫県","1525",""
"2018年","29000","奈良県","406",""
"2018年","30000","和歌山県","716",""
"2018年","31000","鳥取県","375",""
"2018年","32000","島根県","434",""
"2018年","33000","岡山県","693",""
"2018年","34000","広島県","697",""
"2018年","35000","山口県","743",""
"2018年","36000","徳島県","535",""
"2018年","37000","香川県","381",""
"2018年","38000","愛媛県","465",""
"2018年","39000","高知県","393",""
"2018年","40000","福岡県","957",""
"2018年","41000","佐賀県","355",""
"2018年","42000","長崎県","611",""
"2018年","43000","熊本県","1213",""
"2018年","44000","大分県","1162",""
"2018年","45000","宮崎県","465",""
"2018年","46000","鹿児島県","1032",""
"2018年","47000","沖縄県","1009",""
"2019年","01000","北海道","2868",""
"2019年","02000","青森県","680",""
"2019年","03000","岩手県","817",""
"2019年","04000","宮城県","763",""
"2019年","05000","秋田県","547",""
"2019年","06000","山形県","816",""
"2019年","07000","福島県","1543",""
"2019年","08000","茨城県","953",""
"2019年","09000","栃木県","1412",""
"2019年","10000","群馬県","1184",""
"2019年","11000","埼玉県","688",""
"2019年","12000","千葉県","1307",""
"2019年","13000","東京都","2435",""
"2019年","14000","神奈川県","1341",""
"2019年","15000","新潟県","2112",""
"2019年","16000","富山県","426",""
"2019年","17000","石川県","753",""
"2019年","18000","福井県","973",""
"2019年","19000","山梨県","1328",""
"2019年","20000","長野県","2669",""
"2019年","21000","岐阜県","1110",""
"2019年","22000","静岡県","2928",""
"2019年","23000","愛知県","1191",""
"2019年","24000","三重県","1372",""
"2019年","25000","滋賀県","502",""
"2019年","26000","京都府","969",""
"2019年","27000","大阪府","1339",""
"2019年","28000","兵庫県","1507",""
"2019年","29000","奈良県","417",""
"2019年","30000","和歌山県","698",""
"2019年","31000","鳥取県","424",""
"2019年","32000","島根県","402",""
"2019年","33000","岡山県","684",""
"2019年","34000","広島県","696",""
"2019年","35000","山口県","708",""
"2019年","36000","徳島県","511",""
"2019年","37000","香川県","372",""
"2019年","38000","愛媛県","455",""
"2019年","39000","高知県","390",""
"2019年","40000","福岡県","1102",""
"2019年","41000","佐賀県","353",""
"2019年","42000","長崎県","597",""
"2019年","43000","熊本県","1200",""
"2019年","44000","大分県","1165",""
"2019年","45000","宮崎県","455",""
"2019年","46000","鹿児島県","933",""
"2019年","47000","沖縄県","1407",""
"2020年","01000","北海道","2863",""
"2020年","02000","青森県","630",""
"2020年","03000","岩手県","811",""
"2020年","04000","宮城県","757",""
"2020年","05000","秋田県","545",""
"2020年","06000","山形県","807",""
"2020年","07000","福島県","1521",""
"2020年","08000","茨城県","941",""
"2020年","09000","栃木県","1413",""
"2020年","10000","群馬県","1175",""
"2020年","11000","埼玉県","689",""
"2020年","12000","千葉県","1289",""
"2020年","13000","東京都","3308",""
"2020年","14000","神奈川県","1341",""
"2020年","15000","新潟県","2062",""
"2020年","16000","富山県","418",""
"2020年","17000","石川県","743",""
"2020年","18000","福井県","949",""
"2020年","19000","山梨県","1331",""
"2020年","20000","長野県","2620",""
"2020年","21000","岐阜県","1098",""
"2020年","22000","静岡県","2841",""
"2020年","23000","愛知県","1202",""
"2020年","24000","三重県","1293",""
"2020年","25000","滋賀県","500",""
"2020年","26000","京都府","995",""
"2020年","27000","大阪府","1477",""
"2020年","28000","兵庫県","1490",""
"2020年","29000","奈良県","417",""
"2020年","30000","和歌山県","691",""
"2020年","31000","鳥取県","604",""
"2020年","32000","島根県","391",""
"2020年","33000","岡山県","695",""
"2020年","34000","広島県","701",""
"2020年","35000","山口県","692",""
"2020年","36000","徳島県","506",""
"2020年","37000","香川県","361",""
"2020年","38000","愛媛県","449",""
"2020年","39000","高知県","372",""
"2020年","40000","福岡県","1294",""
"2020年","41000","佐賀県","344",""
"2020年","42000","長崎県","612",""
"2020年","43000","熊本県","1182",""
"2020年","44000","大分県","1080",""
"2020年","45000","宮崎県","444",""
"2020年","46000","鹿児島県","904",""
"2020年","47000","沖縄県","2156",""
