"時点","地域コード","地域","総人口（総数）【人】","注記","出生率（人口千対）","注記"
"1975年","01000","北海道","5338206","","",""
"1975年","02000","青森県","1468646","","",""
"1975年","03000","岩手県","1385563","","",""
"1975年","04000","宮城県","1955267","","",""
"1975年","05000","秋田県","1232481","","",""
"1975年","06000","山形県","1220302","","",""
"1975年","07000","福島県","1970616","","",""
"1975年","08000","茨城県","2342198","","",""
"1975年","09000","栃木県","1698003","","",""
"1975年","10000","群馬県","1756480","","",""
"1975年","11000","埼玉県","4821340","","",""
"1975年","12000","千葉県","4149147","","",""
"1975年","13000","東京都","11673554","","",""
"1975年","14000","神奈川県","6397748","","",""
"1975年","15000","新潟県","2391938","","",""
"1975年","16000","富山県","1070791","","",""
"1975年","17000","石川県","1069872","","",""
"1975年","18000","福井県","773599","","",""
"1975年","19000","山梨県","783050","","",""
"1975年","20000","長野県","2017564","","",""
"1975年","21000","岐阜県","1867978","","",""
"1975年","22000","静岡県","3308799","","",""
"1975年","23000","愛知県","5923569","","",""
"1975年","24000","三重県","1626002","","",""
"1975年","25000","滋賀県","985621","","",""
"1975年","26000","京都府","2424856","","",""
"1975年","27000","大阪府","8278925","","",""
"1975年","28000","兵庫県","4992140","","",""
"1975年","29000","奈良県","1077491","","",""
"1975年","30000","和歌山県","1072118","","",""
"1975年","31000","鳥取県","581311","","",""
"1975年","32000","島根県","768886","","",""
"1975年","33000","岡山県","1814305","","",""
"1975年","34000","広島県","2646324","","",""
"1975年","35000","山口県","1555218","","",""
"1975年","36000","徳島県","805166","","",""
"1975年","37000","香川県","961292","","",""
"1975年","38000","愛媛県","1465215","","",""
"1975年","39000","高知県","808397","","",""
"1975年","40000","福岡県","4292963","","",""
"1975年","41000","佐賀県","837674","","",""
"1975年","42000","長崎県","1571912","","",""
"1975年","43000","熊本県","1715273","","",""
"1975年","44000","大分県","1190314","","",""
"1975年","45000","宮崎県","1085055","","",""
"1975年","46000","鹿児島県","1723902","","",""
"1975年","47000","沖縄県","1042572","","",""
"1976年","01000","北海道","5395000","","",""
"1976年","02000","青森県","1484000","","",""
"1976年","03000","岩手県","1395000","","",""
"1976年","04000","宮城県","1984000","","",""
"1976年","05000","秋田県","1239000","","",""
"1976年","06000","山形県","1227000","","",""
"1976年","07000","福島県","1984000","","",""
"1976年","08000","茨城県","2380000","","",""
"1976年","09000","栃木県","1717000","","",""
"1976年","10000","群馬県","1778000","","",""
"1976年","11000","埼玉県","4964000","","",""
"1976年","12000","千葉県","4267000","","",""
"1976年","13000","東京都","11674000","","",""
"1976年","14000","神奈川県","6510000","","",""
"1976年","15000","新潟県","2406000","","",""
"1976年","16000","富山県","1079000","","",""
"1976年","17000","石川県","1082000","","",""
"1976年","18000","福井県","779000","","",""
"1976年","19000","山梨県","787000","","",""
"1976年","20000","長野県","2033000","","",""
"1976年","21000","岐阜県","1889000","","",""
"1976年","22000","静岡県","3341000","","",""
"1976年","23000","愛知県","5988000","","",""
"1976年","24000","三重県","1638000","","",""
"1976年","25000","滋賀県","1006000","","",""
"1976年","26000","京都府","2452000","","",""
"1976年","27000","大阪府","8330000","","",""
"1976年","28000","兵庫県","5029000","","",""
"1976年","29000","奈良県","1098000","","",""
"1976年","30000","和歌山県","1077000","","",""
"1976年","31000","鳥取県","586000","","",""
"1976年","32000","島根県","771000","","",""
"1976年","33000","岡山県","1829000","","",""
"1976年","34000","広島県","2670000","","",""
"1976年","35000","山口県","1564000","","",""
"1976年","36000","徳島県","809000","","",""
"1976年","37000","香川県","970000","","",""
"1976年","38000","愛媛県","1476000","","",""
"1976年","39000","高知県","814000","","",""
"1976年","40000","福岡県","4353000","","",""
"1976年","41000","佐賀県","842000","","",""
"1976年","42000","長崎県","1576000","","",""
"1976年","43000","熊本県","1731000","","",""
"1976年","44000","大分県","1199000","","",""
"1976年","45000","宮崎県","1100000","","",""
"1976年","46000","鹿児島県","1735000","","",""
"1976年","47000","沖縄県","1058000","","",""
"1977年","01000","北海道","5443000","","",""
"1977年","02000","青森県","1496000","","",""
"1977年","03000","岩手県","1401000","","",""
"1977年","04000","宮城県","2008000","","",""
"1977年","05000","秋田県","1245000","","",""
"1977年","06000","山形県","1234000","","",""
"1977年","07000","福島県","1998000","","",""
"1977年","08000","茨城県","2417000","","",""
"1977年","09000","栃木県","1736000","","",""
"1977年","10000","群馬県","1799000","","",""
"1977年","11000","埼玉県","5091000","","",""
"1977年","12000","千葉県","4382000","","",""
"1977年","13000","東京都","11669000","","",""
"1977年","14000","神奈川県","6616000","","",""
"1977年","15000","新潟県","2417000","","",""
"1977年","16000","富山県","1085000","","",""
"1977年","17000","石川県","1091000","","",""
"1977年","18000","福井県","783000","","",""
"1977年","19000","山梨県","792000","","",""
"1977年","20000","長野県","2048000","","",""
"1977年","21000","岐阜県","1909000","","",""
"1977年","22000","静岡県","3368000","","",""
"1977年","23000","愛知県","6052000","","",""
"1977年","24000","三重県","1649000","","",""
"1977年","25000","滋賀県","1026000","","",""
"1977年","26000","京都府","2474000","","",""
"1977年","27000","大阪府","8373000","","",""
"1977年","28000","兵庫県","5063000","","",""
"1977年","29000","奈良県","1124000","","",""
"1977年","30000","和歌山県","1080000","","",""
"1977年","31000","鳥取県","591000","","",""
"1977年","32000","島根県","775000","","",""
"1977年","33000","岡山県","1840000","","",""
"1977年","34000","広島県","2689000","","",""
"1977年","35000","山口県","1573000","","",""
"1977年","36000","徳島県","813000","","",""
"1977年","37000","香川県","979000","","",""
"1977年","38000","愛媛県","1486000","","",""
"1977年","39000","高知県","819000","","",""
"1977年","40000","福岡県","4411000","","",""
"1977年","41000","佐賀県","848000","","",""
"1977年","42000","長崎県","1582000","","",""
"1977年","43000","熊本県","1747000","","",""
"1977年","44000","大分県","1207000","","",""
"1977年","45000","宮崎県","1114000","","",""
"1977年","46000","鹿児島県","1747000","","",""
"1977年","47000","沖縄県","1071000","","",""
"1978年","01000","北海道","5490000","","",""
"1978年","02000","青森県","1507000","","",""
"1978年","03000","岩手県","1409000","","",""
"1978年","04000","宮城県","2032000","","",""
"1978年","05000","秋田県","1250000","","",""
"1978年","06000","山形県","1241000","","",""
"1978年","07000","福島県","2012000","","",""
"1978年","08000","茨城県","2463000","","",""
"1978年","09000","栃木県","1753000","","",""
"1978年","10000","群馬県","1817000","","",""
"1978年","11000","埼玉県","5208000","","",""
"1978年","12000","千葉県","4508000","","",""
"1978年","13000","東京都","11659000","","",""
"1978年","14000","神奈川県","6728000","","",""
"1978年","15000","新潟県","2428000","","",""
"1978年","16000","富山県","1092000","","",""
"1978年","17000","石川県","1100000","","",""
"1978年","18000","福井県","787000","","",""
"1978年","19000","山梨県","796000","","",""
"1978年","20000","長野県","2062000","","",""
"1978年","21000","岐阜県","1927000","","",""
"1978年","22000","静岡県","3396000","","",""
"1978年","23000","愛知県","6115000","","",""
"1978年","24000","三重県","1661000","","",""
"1978年","25000","滋賀県","1043000","","",""
"1978年","26000","京都府","2494000","","",""
"1978年","27000","大阪府","8412000","","",""
"1978年","28000","兵庫県","5093000","","",""
"1978年","29000","奈良県","1152000","","",""
"1978年","30000","和歌山県","1084000","","",""
"1978年","31000","鳥取県","595000","","",""
"1978年","32000","島根県","779000","","",""
"1978年","33000","岡山県","1850000","","",""
"1978年","34000","広島県","2703000","","",""
"1978年","35000","山口県","1579000","","",""
"1978年","36000","徳島県","818000","","",""
"1978年","37000","香川県","986000","","",""
"1978年","38000","愛媛県","1493000","","",""
"1978年","39000","高知県","824000","","",""
"1978年","40000","福岡県","4460000","","",""
"1978年","41000","佐賀県","854000","","",""
"1978年","42000","長崎県","1587000","","",""
"1978年","43000","熊本県","1763000","","",""
"1978年","44000","大分県","1215000","","",""
"1978年","45000","宮崎県","1127000","","",""
"1978年","46000","鹿児島県","1760000","","",""
"1978年","47000","沖縄県","1081000","","",""
"1979年","01000","北海道","5535000","","",""
"1979年","02000","青森県","1516000","","",""
"1979年","03000","岩手県","1416000","","",""
"1979年","04000","宮城県","2059000","","",""
"1979年","05000","秋田県","1254000","","",""
"1979年","06000","山形県","1247000","","",""
"1979年","07000","福島県","2023000","","",""
"1979年","08000","茨城県","2510000","","",""
"1979年","09000","栃木県","1775000","","",""
"1979年","10000","群馬県","1833000","","",""
"1979年","11000","埼玉県","5318000","","",""
"1979年","12000","千葉県","4626000","","",""
"1979年","13000","東京都","11637000","","",""
"1979年","14000","神奈川県","6832000","","",""
"1979年","15000","新潟県","2439000","","",""
"1979年","16000","富山県","1098000","","",""
"1979年","17000","石川県","1110000","","",""
"1979年","18000","福井県","791000","","",""
"1979年","19000","山梨県","800000","","",""
"1979年","20000","長野県","2074000","","",""
"1979年","21000","岐阜県","1943000","","",""
"1979年","22000","静岡県","3423000","","",""
"1979年","23000","愛知県","6171000","","",""
"1979年","24000","三重県","1672000","","",""
"1979年","25000","滋賀県","1061000","","",""
"1979年","26000","京都府","2512000","","",""
"1979年","27000","大阪府","8445000","","",""
"1979年","28000","兵庫県","5119000","","",""
"1979年","29000","奈良県","1181000","","",""
"1979年","30000","和歌山県","1086000","","",""
"1979年","31000","鳥取県","600000","","",""
"1979年","32000","島根県","782000","","",""
"1979年","33000","岡山県","1861000","","",""
"1979年","34000","広島県","2717000","","",""
"1979年","35000","山口県","1583000","","",""
"1979年","36000","徳島県","822000","","",""
"1979年","37000","香川県","993000","","",""
"1979年","38000","愛媛県","1500000","","",""
"1979年","39000","高知県","829000","","",""
"1979年","40000","福岡県","4506000","","",""
"1979年","41000","佐賀県","860000","","",""
"1979年","42000","長崎県","1588000","","",""
"1979年","43000","熊本県","1777000","","",""
"1979年","44000","大分県","1223000","","",""
"1979年","45000","宮崎県","1141000","","",""
"1979年","46000","鹿児島県","1773000","","",""
"1979年","47000","沖縄県","1094000","","",""
"1980年","01000","北海道","5575989","","",""
"1980年","02000","青森県","1523907","","",""
"1980年","03000","岩手県","1421927","","",""
"1980年","04000","宮城県","2082320","","",""
"1980年","05000","秋田県","1256745","","",""
"1980年","06000","山形県","1251917","","",""
"1980年","07000","福島県","2035272","","",""
"1980年","08000","茨城県","2558007","","",""
"1980年","09000","栃木県","1792201","","",""
"1980年","10000","群馬県","1848562","","",""
"1980年","11000","埼玉県","5420480","","",""
"1980年","12000","千葉県","4735424","","",""
"1980年","13000","東京都","11618281","","",""
"1980年","14000","神奈川県","6924348","","",""
"1980年","15000","新潟県","2451357","","",""
"1980年","16000","富山県","1103459","","",""
"1980年","17000","石川県","1119304","","",""
"1980年","18000","福井県","794354","","",""
"1980年","19000","山梨県","804256","","",""
"1980年","20000","長野県","2083934","","",""
"1980年","21000","岐阜県","1960107","","",""
"1980年","22000","静岡県","3446804","","",""
"1980年","23000","愛知県","6221638","","",""
"1980年","24000","三重県","1686936","","",""
"1980年","25000","滋賀県","1079898","","",""
"1980年","26000","京都府","2527330","","",""
"1980年","27000","大阪府","8473446","","",""
"1980年","28000","兵庫県","5144892","","",""
"1980年","29000","奈良県","1209365","","",""
"1980年","30000","和歌山県","1087012","","",""
"1980年","31000","鳥取県","604221","","",""
"1980年","32000","島根県","784795","","",""
"1980年","33000","岡山県","1871023","","",""
"1980年","34000","広島県","2739161","","",""
"1980年","35000","山口県","1587079","","",""
"1980年","36000","徳島県","825261","","",""
"1980年","37000","香川県","999864","","",""
"1980年","38000","愛媛県","1506637","","",""
"1980年","39000","高知県","831275","","",""
"1980年","40000","福岡県","4553461","","",""
"1980年","41000","佐賀県","865574","","",""
"1980年","42000","長崎県","1590564","","",""
"1980年","43000","熊本県","1790327","","",""
"1980年","44000","大分県","1228913","","",""
"1980年","45000","宮崎県","1151587","","",""
"1980年","46000","鹿児島県","1784623","","",""
"1980年","47000","沖縄県","1106559","","",""
"1981年","01000","北海道","5605000","","",""
"1981年","02000","青森県","1526000","","",""
"1981年","03000","岩手県","1426000","","",""
"1981年","04000","宮城県","2104000","","",""
"1981年","05000","秋田県","1259000","","",""
"1981年","06000","山形県","1255000","","",""
"1981年","07000","福島県","2043000","","",""
"1981年","08000","茨城県","2595000","","",""
"1981年","09000","栃木県","1807000","","",""
"1981年","10000","群馬県","1864000","","",""
"1981年","11000","埼玉県","5520000","","",""
"1981年","12000","千葉県","4834000","","",""
"1981年","13000","東京都","11626000","","",""
"1981年","14000","神奈川県","7022000","","",""
"1981年","15000","新潟県","2459000","","",""
"1981年","16000","富山県","1106000","","",""
"1981年","17000","石川県","1127000","","",""
"1981年","18000","福井県","798000","","",""
"1981年","19000","山梨県","809000","","",""
"1981年","20000","長野県","2093000","","",""
"1981年","21000","岐阜県","1975000","","",""
"1981年","22000","静岡県","3472000","","",""
"1981年","23000","愛知県","6266000","","",""
"1981年","24000","三重県","1702000","","",""
"1981年","25000","滋賀県","1097000","","",""
"1981年","26000","京都府","2539000","","",""
"1981年","27000","大阪府","8509000","","",""
"1981年","28000","兵庫県","5171000","","",""
"1981年","29000","奈良県","1233000","","",""
"1981年","30000","和歌山県","1088000","","",""
"1981年","31000","鳥取県","607000","","",""
"1981年","32000","島根県","787000","","",""
"1981年","33000","岡山県","1881000","","",""
"1981年","34000","広島県","2761000","","",""
"1981年","35000","山口県","1592000","","",""
"1981年","36000","徳島県","827000","","",""
"1981年","37000","香川県","1005000","","",""
"1981年","38000","愛媛県","1512000","","",""
"1981年","39000","高知県","833000","","",""
"1981年","40000","福岡県","4594000","","",""
"1981年","41000","佐賀県","869000","","",""
"1981年","42000","長崎県","1594000","","",""
"1981年","43000","熊本県","1802000","","",""
"1981年","44000","大分県","1234000","","",""
"1981年","45000","宮崎県","1158000","","",""
"1981年","46000","鹿児島県","1794000","","",""
"1981年","47000","沖縄県","1119000","","",""
"1982年","01000","北海道","5630000","","",""
"1982年","02000","青森県","1527000","","",""
"1982年","03000","岩手県","1429000","","",""
"1982年","04000","宮城県","2125000","","",""
"1982年","05000","秋田県","1258000","","",""
"1982年","06000","山形県","1257000","","",""
"1982年","07000","福島県","2052000","","",""
"1982年","08000","茨城県","2636000","","",""
"1982年","09000","栃木県","1822000","","",""
"1982年","10000","群馬県","1879000","","",""
"1982年","11000","埼玉県","5615000","","",""
"1982年","12000","千葉県","4923000","","",""
"1982年","13000","東京都","11650000","","",""
"1982年","14000","神奈川県","7127000","","",""
"1982年","15000","新潟県","2465000","","",""
"1982年","16000","富山県","1110000","","",""
"1982年","17000","石川県","1134000","","",""
"1982年","18000","福井県","803000","","",""
"1982年","19000","山梨県","813000","","",""
"1982年","20000","長野県","2102000","","",""
"1982年","21000","岐阜県","1990000","","",""
"1982年","22000","静岡県","3498000","","",""
"1982年","23000","愛知県","6309000","","",""
"1982年","24000","三重県","1716000","","",""
"1982年","25000","滋賀県","1112000","","",""
"1982年","26000","京都府","2553000","","",""
"1982年","27000","大阪府","8543000","","",""
"1982年","28000","兵庫県","5198000","","",""
"1982年","29000","奈良県","1254000","","",""
"1982年","30000","和歌山県","1090000","","",""
"1982年","31000","鳥取県","610000","","",""
"1982年","32000","島根県","790000","","",""
"1982年","33000","岡山県","1891000","","",""
"1982年","34000","広島県","2777000","","",""
"1982年","35000","山口県","1597000","","",""
"1982年","36000","徳島県","830000","","",""
"1982年","37000","香川県","1010000","","",""
"1982年","38000","愛媛県","1517000","","",""
"1982年","39000","高知県","836000","","",""
"1982年","40000","福岡県","4632000","","",""
"1982年","41000","佐賀県","873000","","",""
"1982年","42000","長崎県","1595000","","",""
"1982年","43000","熊本県","1811000","","",""
"1982年","44000","大分県","1239000","","",""
"1982年","45000","宮崎県","1166000","","",""
"1982年","46000","鹿児島県","1801000","","",""
"1982年","47000","沖縄県","1132000","","",""
"1983年","01000","北海道","5656000","","",""
"1983年","02000","青森県","1528000","","",""
"1983年","03000","岩手県","1432000","","",""
"1983年","04000","宮城県","2144000","","",""
"1983年","05000","秋田県","1256000","","",""
"1983年","06000","山形県","1258000","","",""
"1983年","07000","福島県","2061000","","",""
"1983年","08000","茨城県","2670000","","",""
"1983年","09000","栃木県","1835000","","",""
"1983年","10000","群馬県","1893000","","",""
"1983年","11000","埼玉県","5700000","","",""
"1983年","12000","千葉県","5005000","","",""
"1983年","13000","東京都","11700000","","",""
"1983年","14000","神奈川県","7227000","","",""
"1983年","15000","新潟県","2469000","","",""
"1983年","16000","富山県","1113000","","",""
"1983年","17000","石川県","1141000","","",""
"1983年","18000","福井県","809000","","",""
"1983年","19000","山梨県","820000","","",""
"1983年","20000","長野県","2112000","","",""
"1983年","21000","岐阜県","2004000","","",""
"1983年","22000","静岡県","3522000","","",""
"1983年","23000","愛知県","6353000","","",""
"1983年","24000","三重県","1728000","","",""
"1983年","25000","滋賀県","1127000","","",""
"1983年","26000","京都府","2569000","","",""
"1983年","27000","大阪府","8588000","","",""
"1983年","28000","兵庫県","5227000","","",""
"1983年","29000","奈良県","1273000","","",""
"1983年","30000","和歌山県","1090000","","",""
"1983年","31000","鳥取県","612000","","",""
"1983年","32000","島根県","790000","","",""
"1983年","33000","岡山県","1901000","","",""
"1983年","34000","広島県","2793000","","",""
"1983年","35000","山口県","1600000","","",""
"1983年","36000","徳島県","831000","","",""
"1983年","37000","香川県","1014000","","",""
"1983年","38000","愛媛県","1522000","","",""
"1983年","39000","高知県","838000","","",""
"1983年","40000","福岡県","4667000","","",""
"1983年","41000","佐賀県","876000","","",""
"1983年","42000","長崎県","1596000","","",""
"1983年","43000","熊本県","1820000","","",""
"1983年","44000","大分県","1243000","","",""
"1983年","45000","宮崎県","1170000","","",""
"1983年","46000","鹿児島県","1807000","","",""
"1983年","47000","沖縄県","1146000","","",""
"1984年","01000","北海道","5672000","","",""
"1984年","02000","青森県","1527000","","",""
"1984年","03000","岩手県","1433000","","",""
"1984年","04000","宮城県","2161000","","",""
"1984年","05000","秋田県","1255000","","",""
"1984年","06000","山形県","1260000","","",""
"1984年","07000","福島県","2071000","","",""
"1984年","08000","茨城県","2698000","","",""
"1984年","09000","栃木県","1850000","","",""
"1984年","10000","群馬県","1908000","","",""
"1984年","11000","埼玉県","5784000","","",""
"1984年","12000","千葉県","5079000","","",""
"1984年","13000","東京都","11759000","","",""
"1984年","14000","神奈川県","7328000","","",""
"1984年","15000","新潟県","2474000","","",""
"1984年","16000","富山県","1116000","","",""
"1984年","17000","石川県","1147000","","",""
"1984年","18000","福井県","813000","","",""
"1984年","19000","山梨県","826000","","",""
"1984年","20000","長野県","2125000","","",""
"1984年","21000","岐阜県","2017000","","",""
"1984年","22000","静岡県","3547000","","",""
"1984年","23000","愛知県","6401000","","",""
"1984年","24000","三重県","1737000","","",""
"1984年","25000","滋賀県","1141000","","",""
"1984年","26000","京都府","2578000","","",""
"1984年","27000","大阪府","8632000","","",""
"1984年","28000","兵庫県","5252000","","",""
"1984年","29000","奈良県","1290000","","",""
"1984年","30000","和歌山県","1088000","","",""
"1984年","31000","鳥取県","614000","","",""
"1984年","32000","島根県","793000","","",""
"1984年","33000","岡山県","1909000","","",""
"1984年","34000","広島県","2807000","","",""
"1984年","35000","山口県","1601000","","",""
"1984年","36000","徳島県","834000","","",""
"1984年","37000","香川県","1018000","","",""
"1984年","38000","愛媛県","1526000","","",""
"1984年","39000","高知県","839000","","",""
"1984年","40000","福岡県","4697000","","",""
"1984年","41000","佐賀県","878000","","",""
"1984年","42000","長崎県","1595000","","",""
"1984年","43000","熊本県","1830000","","",""
"1984年","44000","大分県","1248000","","",""
"1984年","45000","宮崎県","1173000","","",""
"1984年","46000","鹿児島県","1814000","","",""
"1984年","47000","沖縄県","1161000","","",""
"1985年","01000","北海道","5679439","","",""
"1985年","02000","青森県","1524448","","",""
"1985年","03000","岩手県","1433611","","",""
"1985年","04000","宮城県","2176295","","",""
"1985年","05000","秋田県","1254032","","",""
"1985年","06000","山形県","1261662","","",""
"1985年","07000","福島県","2080304","","",""
"1985年","08000","茨城県","2725005","","",""
"1985年","09000","栃木県","1866066","","",""
"1985年","10000","群馬県","1921259","","",""
"1985年","11000","埼玉県","5863678","","",""
"1985年","12000","千葉県","5148163","","",""
"1985年","13000","東京都","11829363","","",""
"1985年","14000","神奈川県","7431974","","",""
"1985年","15000","新潟県","2478470","","",""
"1985年","16000","富山県","1118369","","",""
"1985年","17000","石川県","1152325","","",""
"1985年","18000","福井県","817633","","",""
"1985年","19000","山梨県","832832","","",""
"1985年","20000","長野県","2136927","","",""
"1985年","21000","岐阜県","2028536","","",""
"1985年","22000","静岡県","3574692","","",""
"1985年","23000","愛知県","6455172","","",""
"1985年","24000","三重県","1747311","","",""
"1985年","25000","滋賀県","1155844","","",""
"1985年","26000","京都府","2586574","","",""
"1985年","27000","大阪府","8668095","","",""
"1985年","28000","兵庫県","5278050","","",""
"1985年","29000","奈良県","1304866","","",""
"1985年","30000","和歌山県","1087206","","",""
"1985年","31000","鳥取県","616024","","",""
"1985年","32000","島根県","794629","","",""
"1985年","33000","岡山県","1916906","","",""
"1985年","34000","広島県","2819200","","",""
"1985年","35000","山口県","1601627","","",""
"1985年","36000","徳島県","834889","","",""
"1985年","37000","香川県","1022569","","",""
"1985年","38000","愛媛県","1529983","","",""
"1985年","39000","高知県","839784","","",""
"1985年","40000","福岡県","4719259","","",""
"1985年","41000","佐賀県","880013","","",""
"1985年","42000","長崎県","1593968","","",""
"1985年","43000","熊本県","1837747","","",""
"1985年","44000","大分県","1250214","","",""
"1985年","45000","宮崎県","1175543","","",""
"1985年","46000","鹿児島県","1819270","","",""
"1985年","47000","沖縄県","1179097","","",""
"1986年","01000","北海道","5673000","","",""
"1986年","02000","青森県","1517000","","",""
"1986年","03000","岩手県","1431000","","",""
"1986年","04000","宮城県","2190000","","",""
"1986年","05000","秋田県","1249000","","",""
"1986年","06000","山形県","1262000","","",""
"1986年","07000","福島県","2085000","","",""
"1986年","08000","茨城県","2746000","","",""
"1986年","09000","栃木県","1880000","","",""
"1986年","10000","群馬県","1931000","","",""
"1986年","11000","埼玉県","5954000","","",""
"1986年","12000","千葉県","5219000","","",""
"1986年","13000","東京都","11888000","","",""
"1986年","14000","神奈川県","7553000","","",""
"1986年","15000","新潟県","2478000","","",""
"1986年","16000","富山県","1119000","","",""
"1986年","17000","石川県","1155000","","",""
"1986年","18000","福井県","819000","","",""
"1986年","19000","山梨県","837000","","",""
"1986年","20000","長野県","2143000","","",""
"1986年","21000","岐阜県","2036000","","",""
"1986年","22000","静岡県","3597000","","",""
"1986年","23000","愛知県","6512000","","",""
"1986年","24000","三重県","1756000","","",""
"1986年","25000","滋賀県","1166000","","",""
"1986年","26000","京都府","2595000","","",""
"1986年","27000","大阪府","8705000","","",""
"1986年","28000","兵庫県","5300000","","",""
"1986年","29000","奈良県","1318000","","",""
"1986年","30000","和歌山県","1083000","","",""
"1986年","31000","鳥取県","616000","","",""
"1986年","32000","島根県","793000","","",""
"1986年","33000","岡山県","1921000","","",""
"1986年","34000","広島県","2829000","","",""
"1986年","35000","山口県","1598000","","",""
"1986年","36000","徳島県","835000","","",""
"1986年","37000","香川県","1024000","","",""
"1986年","38000","愛媛県","1528000","","",""
"1986年","39000","高知県","838000","","",""
"1986年","40000","福岡県","4741000","","",""
"1986年","41000","佐賀県","880000","","",""
"1986年","42000","長崎県","1589000","","",""
"1986年","43000","熊本県","1840000","","",""
"1986年","44000","大分県","1249000","","",""
"1986年","45000","宮崎県","1174000","","",""
"1986年","46000","鹿児島県","1816000","","",""
"1986年","47000","沖縄県","1188000","","",""
"1987年","01000","北海道","5660000","","",""
"1987年","02000","青森県","1511000","","",""
"1987年","03000","岩手県","1427000","","",""
"1987年","04000","宮城県","2206000","","",""
"1987年","05000","秋田県","1244000","","",""
"1987年","06000","山形県","1262000","","",""
"1987年","07000","福島県","2091000","","",""
"1987年","08000","茨城県","2769000","","",""
"1987年","09000","栃木県","1895000","","",""
"1987年","10000","群馬県","1941000","","",""
"1987年","11000","埼玉県","6071000","","",""
"1987年","12000","千葉県","5307000","","",""
"1987年","13000","東京都","11887000","","",""
"1987年","14000","神奈川県","7684000","","",""
"1987年","15000","新潟県","2477000","","",""
"1987年","16000","富山県","1120000","","",""
"1987年","17000","石川県","1158000","","",""
"1987年","18000","福井県","822000","","",""
"1987年","19000","山梨県","841000","","",""
"1987年","20000","長野県","2148000","","",""
"1987年","21000","岐阜県","2044000","","",""
"1987年","22000","静岡県","3619000","","",""
"1987年","23000","愛知県","6566000","","",""
"1987年","24000","三重県","1765000","","",""
"1987年","25000","滋賀県","1178000","","",""
"1987年","26000","京都府","2601000","","",""
"1987年","27000","大阪府","8737000","","",""
"1987年","28000","兵庫県","5319000","","",""
"1987年","29000","奈良県","1333000","","",""
"1987年","30000","和歌山県","1079000","","",""
"1987年","31000","鳥取県","616000","","",""
"1987年","32000","島根県","792000","","",""
"1987年","33000","岡山県","1924000","","",""
"1987年","34000","広島県","2834000","","",""
"1987年","35000","山口県","1592000","","",""
"1987年","36000","徳島県","835000","","",""
"1987年","37000","香川県","1024000","","",""
"1987年","38000","愛媛県","1525000","","",""
"1987年","39000","高知県","836000","","",""
"1987年","40000","福岡県","4756000","","",""
"1987年","41000","佐賀県","880000","","",""
"1987年","42000","長崎県","1584000","","",""
"1987年","43000","熊本県","1842000","","",""
"1987年","44000","大分県","1247000","","",""
"1987年","45000","宮崎県","1174000","","",""
"1987年","46000","鹿児島県","1816000","","",""
"1987年","47000","沖縄県","1199000","","",""
"1988年","01000","北海道","5656000","","",""
"1988年","02000","青森県","1502000","","",""
"1988年","03000","岩手県","1424000","","",""
"1988年","04000","宮城県","2221000","","",""
"1988年","05000","秋田県","1238000","","",""
"1988年","06000","山形県","1262000","","",""
"1988年","07000","福島県","2095000","","",""
"1988年","08000","茨城県","2795000","","",""
"1988年","09000","栃木県","1908000","","",""
"1988年","10000","群馬県","1949000","","",""
"1988年","11000","埼玉県","6195000","","",""
"1988年","12000","千葉県","5403000","","",""
"1988年","13000","東京都","11873000","","",""
"1988年","14000","神奈川県","7794000","","",""
"1988年","15000","新潟県","2476000","","",""
"1988年","16000","富山県","1120000","","",""
"1988年","17000","石川県","1160000","","",""
"1988年","18000","福井県","822000","","",""
"1988年","19000","山梨県","845000","","",""
"1988年","20000","長野県","2149000","","",""
"1988年","21000","岐阜県","2051000","","",""
"1988年","22000","静岡県","3639000","","",""
"1988年","23000","愛知県","6606000","","",""
"1988年","24000","三重県","1772000","","",""
"1988年","25000","滋賀県","1191000","","",""
"1988年","26000","京都府","2604000","","",""
"1988年","27000","大阪府","8748000","","",""
"1988年","28000","兵庫県","5344000","","",""
"1988年","29000","奈良県","1347000","","",""
"1988年","30000","和歌山県","1076000","","",""
"1988年","31000","鳥取県","617000","","",""
"1988年","32000","島根県","789000","","",""
"1988年","33000","岡山県","1925000","","",""
"1988年","34000","広島県","2838000","","",""
"1988年","35000","山口県","1587000","","",""
"1988年","36000","徳島県","834000","","",""
"1988年","37000","香川県","1025000","","",""
"1988年","38000","愛媛県","1522000","","",""
"1988年","39000","高知県","833000","","",""
"1988年","40000","福岡県","4773000","","",""
"1988年","41000","佐賀県","880000","","",""
"1988年","42000","長崎県","1578000","","",""
"1988年","43000","熊本県","1842000","","",""
"1988年","44000","大分県","1243000","","",""
"1988年","45000","宮崎県","1173000","","",""
"1988年","46000","鹿児島県","1812000","","",""
"1988年","47000","沖縄県","1208000","","",""
"1989年","01000","北海道","5649000","","",""
"1989年","02000","青森県","1492000","","",""
"1989年","03000","岩手県","1419000","","",""
"1989年","04000","宮城県","2236000","","",""
"1989年","05000","秋田県","1232000","","",""
"1989年","06000","山形県","1260000","","",""
"1989年","07000","福島県","2100000","","",""
"1989年","08000","茨城県","2822000","","",""
"1989年","09000","栃木県","1921000","","",""
"1989年","10000","群馬県","1959000","","",""
"1989年","11000","埼玉県","6308000","","",""
"1989年","12000","千葉県","5487000","","",""
"1989年","13000","東京都","11863000","","",""
"1989年","14000","神奈川県","7891000","","",""
"1989年","15000","新潟県","2476000","","",""
"1989年","16000","富山県","1121000","","",""
"1989年","17000","石川県","1163000","","",""
"1989年","18000","福井県","823000","","",""
"1989年","19000","山梨県","849000","","",""
"1989年","20000","長野県","2153000","","",""
"1989年","21000","岐阜県","2058000","","",""
"1989年","22000","静岡県","3657000","","",""
"1989年","23000","愛知県","6649000","","",""
"1989年","24000","三重県","1782000","","",""
"1989年","25000","滋賀県","1206000","","",""
"1989年","26000","京都府","2604000","","",""
"1989年","27000","大阪府","8744000","","",""
"1989年","28000","兵庫県","5372000","","",""
"1989年","29000","奈良県","1363000","","",""
"1989年","30000","和歌山県","1074000","","",""
"1989年","31000","鳥取県","616000","","",""
"1989年","32000","島根県","785000","","",""
"1989年","33000","岡山県","1925000","","",""
"1989年","34000","広島県","2843000","","",""
"1989年","35000","山口県","1581000","","",""
"1989年","36000","徳島県","833000","","",""
"1989年","37000","香川県","1023000","","",""
"1989年","38000","愛媛県","1519000","","",""
"1989年","39000","高知県","830000","","",""
"1989年","40000","福岡県","4793000","","",""
"1989年","41000","佐賀県","879000","","",""
"1989年","42000","長崎県","1570000","","",""
"1989年","43000","熊本県","1841000","","",""
"1989年","44000","大分県","1240000","","",""
"1989年","45000","宮崎県","1172000","","",""
"1989年","46000","鹿児島県","1805000","","",""
"1989年","47000","沖縄県","1215000","","",""
"1990年","01000","北海道","5643647","","",""
"1990年","02000","青森県","1482873","","",""
"1990年","03000","岩手県","1416928","","",""
"1990年","04000","宮城県","2248558","","",""
"1990年","05000","秋田県","1227478","","",""
"1990年","06000","山形県","1258390","","",""
"1990年","07000","福島県","2104058","","",""
"1990年","08000","茨城県","2845382","","",""
"1990年","09000","栃木県","1935168","","",""
"1990年","10000","群馬県","1966265","","",""
"1990年","11000","埼玉県","6405319","","",""
"1990年","12000","千葉県","5555429","","",""
"1990年","13000","東京都","11855563","","",""
"1990年","14000","神奈川県","7980391","","",""
"1990年","15000","新潟県","2474583","","",""
"1990年","16000","富山県","1120161","","",""
"1990年","17000","石川県","1164628","","",""
"1990年","18000","福井県","823585","","",""
"1990年","19000","山梨県","852966","","",""
"1990年","20000","長野県","2156627","","",""
"1990年","21000","岐阜県","2066569","","",""
"1990年","22000","静岡県","3670840","","",""
"1990年","23000","愛知県","6690603","","",""
"1990年","24000","三重県","1792514","","",""
"1990年","25000","滋賀県","1222411","","",""
"1990年","26000","京都府","2602460","","",""
"1990年","27000","大阪府","8734516","","",""
"1990年","28000","兵庫県","5405040","","",""
"1990年","29000","奈良県","1375481","","",""
"1990年","30000","和歌山県","1074325","","",""
"1990年","31000","鳥取県","615722","","",""
"1990年","32000","島根県","781021","","",""
"1990年","33000","岡山県","1925877","","",""
"1990年","34000","広島県","2849847","","",""
"1990年","35000","山口県","1572616","","",""
"1990年","36000","徳島県","831598","","",""
"1990年","37000","香川県","1023412","","",""
"1990年","38000","愛媛県","1515025","","",""
"1990年","39000","高知県","825034","","",""
"1990年","40000","福岡県","4811050","","",""
"1990年","41000","佐賀県","877851","","",""
"1990年","42000","長崎県","1562959","","",""
"1990年","43000","熊本県","1840326","","",""
"1990年","44000","大分県","1236942","","",""
"1990年","45000","宮崎県","1168907","","",""
"1990年","46000","鹿児島県","1797824","","",""
"1990年","47000","沖縄県","1222398","","",""
"1991年","01000","北海道","5650000","","",""
"1991年","02000","青森県","1479000","","",""
"1991年","03000","岩手県","1416000","","",""
"1991年","04000","宮城県","2267000","","",""
"1991年","05000","秋田県","1223000","","",""
"1991年","06000","山形県","1257000","","",""
"1991年","07000","福島県","2109000","","",""
"1991年","08000","茨城県","2871000","","",""
"1991年","09000","栃木県","1948000","","",""
"1991年","10000","群馬県","1974000","","",""
"1991年","11000","埼玉県","6486000","","",""
"1991年","12000","千葉県","5617000","","",""
"1991年","13000","東京都","11894000","","",""
"1991年","14000","神奈川県","8050000","","",""
"1991年","15000","新潟県","2475000","","",""
"1991年","16000","富山県","1121000","","",""
"1991年","17000","石川県","1167000","","",""
"1991年","18000","福井県","823000","","",""
"1991年","19000","山梨県","860000","","",""
"1991年","20000","長野県","2162000","","",""
"1991年","21000","岐阜県","2073000","","",""
"1991年","22000","静岡県","3687000","","",""
"1991年","23000","愛知県","6729000","","",""
"1991年","24000","三重県","1803000","","",""
"1991年","25000","滋賀県","1235000","","",""
"1991年","26000","京都府","2608000","","",""
"1991年","27000","大阪府","8750000","","",""
"1991年","28000","兵庫県","5426000","","",""
"1991年","29000","奈良県","1388000","","",""
"1991年","30000","和歌山県","1076000","","",""
"1991年","31000","鳥取県","615000","","",""
"1991年","32000","島根県","778000","","",""
"1991年","33000","岡山県","1930000","","",""
"1991年","34000","広島県","2859000","","",""
"1991年","35000","山口県","1569000","","",""
"1991年","36000","徳島県","831000","","",""
"1991年","37000","香川県","1023000","","",""
"1991年","38000","愛媛県","1513000","","",""
"1991年","39000","高知県","822000","","",""
"1991年","40000","福岡県","4834000","","",""
"1991年","41000","佐賀県","878000","","",""
"1991年","42000","長崎県","1557000","","",""
"1991年","43000","熊本県","1844000","","",""
"1991年","44000","大分県","1235000","","",""
"1991年","45000","宮崎県","1167000","","",""
"1991年","46000","鹿児島県","1793000","","",""
"1991年","47000","沖縄県","1230000","","",""
"1992年","01000","北海道","5661000","","",""
"1992年","02000","青森県","1476000","","",""
"1992年","03000","岩手県","1416000","","",""
"1992年","04000","宮城県","2283000","","",""
"1992年","05000","秋田県","1220000","","",""
"1992年","06000","山形県","1257000","","",""
"1992年","07000","福島県","2116000","","",""
"1992年","08000","茨城県","2898000","","",""
"1992年","09000","栃木県","1959000","","",""
"1992年","10000","群馬県","1984000","","",""
"1992年","11000","埼玉県","6567000","","",""
"1992年","12000","千葉県","5679000","","",""
"1992年","13000","東京都","11887000","","",""
"1992年","14000","神奈川県","8116000","","",""
"1992年","15000","新潟県","2476000","","",""
"1992年","16000","富山県","1120000","","",""
"1992年","17000","石川県","1171000","","",""
"1992年","18000","福井県","823000","","",""
"1992年","19000","山梨県","865000","","",""
"1992年","20000","長野県","2169000","","",""
"1992年","21000","岐阜県","2082000","","",""
"1992年","22000","静岡県","3704000","","",""
"1992年","23000","愛知県","6776000","","",""
"1992年","24000","三重県","1814000","","",""
"1992年","25000","滋賀県","1248000","","",""
"1992年","26000","京都府","2615000","","",""
"1992年","27000","大阪府","8761000","","",""
"1992年","28000","兵庫県","5443000","","",""
"1992年","29000","奈良県","1400000","","",""
"1992年","30000","和歌山県","1076000","","",""
"1992年","31000","鳥取県","615000","","",""
"1992年","32000","島根県","775000","","",""
"1992年","33000","岡山県","1935000","","",""
"1992年","34000","広島県","2867000","","",""
"1992年","35000","山口県","1565000","","",""
"1992年","36000","徳島県","830000","","",""
"1992年","37000","香川県","1024000","","",""
"1992年","38000","愛媛県","1511000","","",""
"1992年","39000","高知県","819000","","",""
"1992年","40000","福岡県","4859000","","",""
"1992年","41000","佐賀県","879000","","",""
"1992年","42000","長崎県","1552000","","",""
"1992年","43000","熊本県","1846000","","",""
"1992年","44000","大分県","1233000","","",""
"1992年","45000","宮崎県","1167000","","",""
"1992年","46000","鹿児島県","1789000","","",""
"1992年","47000","沖縄県","1239000","","",""
"1993年","01000","北海道","5669000","","",""
"1993年","02000","青森県","1476000","","",""
"1993年","03000","岩手県","1417000","","",""
"1993年","04000","宮城県","2299000","","",""
"1993年","05000","秋田県","1217000","","",""
"1993年","06000","山形県","1256000","","",""
"1993年","07000","福島県","2123000","","",""
"1993年","08000","茨城県","2920000","","",""
"1993年","09000","栃木県","1969000","","",""
"1993年","10000","群馬県","1990000","","",""
"1993年","11000","埼玉県","6640000","","",""
"1993年","12000","千葉県","5731000","","",""
"1993年","13000","東京都","11849000","","",""
"1993年","14000","神奈川県","8166000","","",""
"1993年","15000","新潟県","2479000","","",""
"1993年","16000","富山県","1121000","","",""
"1993年","17000","石川県","1173000","","",""
"1993年","18000","福井県","824000","","",""
"1993年","19000","山梨県","871000","","",""
"1993年","20000","長野県","2175000","","",""
"1993年","21000","岐阜県","2089000","","",""
"1993年","22000","静岡県","3716000","","",""
"1993年","23000","愛知県","6810000","","",""
"1993年","24000","三重県","1823000","","",""
"1993年","25000","滋賀県","1261000","","",""
"1993年","26000","京都府","2618000","","",""
"1993年","27000","大阪府","8762000","","",""
"1993年","28000","兵庫県","5457000","","",""
"1993年","29000","奈良県","1412000","","",""
"1993年","30000","和歌山県","1077000","","",""
"1993年","31000","鳥取県","614000","","",""
"1993年","32000","島根県","773000","","",""
"1993年","33000","岡山県","1940000","","",""
"1993年","34000","広島県","2873000","","",""
"1993年","35000","山口県","1561000","","",""
"1993年","36000","徳島県","831000","","",""
"1993年","37000","香川県","1025000","","",""
"1993年","38000","愛媛県","1508000","","",""
"1993年","39000","高知県","817000","","",""
"1993年","40000","福岡県","4885000","","",""
"1993年","41000","佐賀県","880000","","",""
"1993年","42000","長崎県","1550000","","",""
"1993年","43000","熊本県","1850000","","",""
"1993年","44000","大分県","1231000","","",""
"1993年","45000","宮崎県","1171000","","",""
"1993年","46000","鹿児島県","1788000","","",""
"1993年","47000","沖縄県","1250000","","",""
"1994年","01000","北海道","5681000","","",""
"1994年","02000","青森県","1480000","","",""
"1994年","03000","岩手県","1418000","","",""
"1994年","04000","宮城県","2313000","","",""
"1994年","05000","秋田県","1216000","","",""
"1994年","06000","山形県","1256000","","",""
"1994年","07000","福島県","2129000","","",""
"1994年","08000","茨城県","2940000","","",""
"1994年","09000","栃木県","1977000","","",""
"1994年","10000","群馬県","1996000","","",""
"1994年","11000","埼玉県","6703000","","",""
"1994年","12000","千葉県","5767000","","",""
"1994年","13000","東京都","11796000","","",""
"1994年","14000","神奈川県","8207000","","",""
"1994年","15000","新潟県","2484000","","",""
"1994年","16000","富山県","1121000","","",""
"1994年","17000","石川県","1176000","","",""
"1994年","18000","福井県","825000","","",""
"1994年","19000","山梨県","877000","","",""
"1994年","20000","長野県","2184000","","",""
"1994年","21000","岐阜県","2095000","","",""
"1994年","22000","静岡県","3729000","","",""
"1994年","23000","愛知県","6839000","","",""
"1994年","24000","三重県","1833000","","",""
"1994年","25000","滋賀県","1273000","","",""
"1994年","26000","京都府","2622000","","",""
"1994年","27000","大阪府","8759000","","",""
"1994年","28000","兵庫県","5469000","","",""
"1994年","29000","奈良県","1420000","","",""
"1994年","30000","和歌山県","1080000","","",""
"1994年","31000","鳥取県","614000","","",""
"1994年","32000","島根県","772000","","",""
"1994年","33000","岡山県","1945000","","",""
"1994年","34000","広島県","2877000","","",""
"1994年","35000","山口県","1559000","","",""
"1994年","36000","徳島県","830000","","",""
"1994年","37000","香川県","1026000","","",""
"1994年","38000","愛媛県","1508000","","",""
"1994年","39000","高知県","817000","","",""
"1994年","40000","福岡県","4909000","","",""
"1994年","41000","佐賀県","883000","","",""
"1994年","42000","長崎県","1549000","","",""
"1994年","43000","熊本県","1855000","","",""
"1994年","44000","大分県","1232000","","",""
"1994年","45000","宮崎県","1174000","","",""
"1994年","46000","鹿児島県","1791000","","",""
"1994年","47000","沖縄県","1262000","","",""
"1995年","01000","北海道","5692321","","8.8",""
"1995年","02000","青森県","1481663","","9.5",""
"1995年","03000","岩手県","1419505","","9.2",""
"1995年","04000","宮城県","2328739","","9.6",""
"1995年","05000","秋田県","1213667","","8.2",""
"1995年","06000","山形県","1256958","","9.2",""
"1995年","07000","福島県","2133592","","10.0",""
"1995年","08000","茨城県","2955530","","9.6",""
"1995年","09000","栃木県","1984390","","9.5",""
"1995年","10000","群馬県","2003540","","9.8",""
"1995年","11000","埼玉県","6759311","","10.1",""
"1995年","12000","千葉県","5797782","","9.5",""
"1995年","13000","東京都","11773605","","8.4",""
"1995年","14000","神奈川県","8245900","","9.9",""
"1995年","15000","新潟県","2488364","","9.1",""
"1995年","16000","富山県","1123125","","9.0",""
"1995年","17000","石川県","1180068","","9.4",""
"1995年","18000","福井県","826996","","10.1",""
"1995年","19000","山梨県","881996","","10.1",""
"1995年","20000","長野県","2193984","","9.7",""
"1995年","21000","岐阜県","2100315","","9.7",""
"1995年","22000","静岡県","3737689","","9.6",""
"1995年","23000","愛知県","6868336","","10.6",""
"1995年","24000","三重県","1841358","","9.6",""
"1995年","25000","滋賀県","1287005","","10.5",""
"1995年","26000","京都府","2629592","","9.0",""
"1995年","27000","大阪府","8797268","","10.0",""
"1995年","28000","兵庫県","5401877","","9.8",""
"1995年","29000","奈良県","1430862","","9.4",""
"1995年","30000","和歌山県","1080435","","9.2",""
"1995年","31000","鳥取県","614929","","9.3",""
"1995年","32000","島根県","771441","","8.8",""
"1995年","33000","岡山県","1950750","","9.6",""
"1995年","34000","広島県","2881748","","9.7",""
"1995年","35000","山口県","1555543","","8.6",""
"1995年","36000","徳島県","832427","","9.0",""
"1995年","37000","香川県","1027006","","9.1",""
"1995年","38000","愛媛県","1506700","","9.2",""
"1995年","39000","高知県","816704","","8.5",""
"1995年","40000","福岡県","4933393","","9.6",""
"1995年","41000","佐賀県","884316","","9.9",""
"1995年","42000","長崎県","1544934","","9.6",""
"1995年","43000","熊本県","1859793","","9.6",""
"1995年","44000","大分県","1231306","","9.1",""
"1995年","45000","宮崎県","1175819","","10.0",""
"1995年","46000","鹿児島県","1794224","","9.3",""
"1995年","47000","沖縄県","1273440","","13.2",""
"1996年","01000","北海道","5697000","","8.8",""
"1996年","02000","青森県","1483000","","9.4",""
"1996年","03000","岩手県","1420000","","9.1",""
"1996年","04000","宮城県","2338000","","9.5",""
"1996年","05000","秋田県","1210000","","8.1",""
"1996年","06000","山形県","1255000","","9.3",""
"1996年","07000","福島県","2134000","","10.1",""
"1996年","08000","茨城県","2966000","","9.8",""
"1996年","09000","栃木県","1991000","","9.7",""
"1996年","10000","群馬県","2009000","","10.0",""
"1996年","11000","埼玉県","6804000","","10.2",""
"1996年","12000","千葉県","5817000","","9.6",""
"1996年","13000","東京都","11808000","","8.5",""
"1996年","14000","神奈川県","8279000","","10.0",""
"1996年","15000","新潟県","2490000","","9.2",""
"1996年","16000","富山県","1125000","","9.2",""
"1996年","17000","石川県","1181000","","9.8",""
"1996年","18000","福井県","828000","","10.2",""
"1996年","19000","山梨県","885000","","10.2",""
"1996年","20000","長野県","2203000","","9.8",""
"1996年","21000","岐阜県","2104000","","9.9",""
"1996年","22000","静岡県","3745000","","9.7",""
"1996年","23000","愛知県","6897000","","10.8",""
"1996年","24000","三重県","1846000","","9.7",""
"1996年","25000","滋賀県","1298000","","10.8",""
"1996年","26000","京都府","2634000","","9.3",""
"1996年","27000","大阪府","8807000","","10.3",""
"1996年","28000","兵庫県","5421000","","10.0",""
"1996年","29000","奈良県","1437000","","9.5",""
"1996年","30000","和歌山県","1079000","","9.4",""
"1996年","31000","鳥取県","615000","","9.1",""
"1996年","32000","島根県","770000","","8.9",""
"1996年","33000","岡山県","1951000","","9.9",""
"1996年","34000","広島県","2881000","","9.8",""
"1996年","35000","山口県","1550000","","8.7",""
"1996年","36000","徳島県","831000","","8.9",""
"1996年","37000","香川県","1027000","","9.1",""
"1996年","38000","愛媛県","1505000","","9.1",""
"1996年","39000","高知県","816000","","8.8",""
"1996年","40000","福岡県","4952000","","9.7",""
"1996年","41000","佐賀県","884000","","10.1",""
"1996年","42000","長崎県","1540000","","9.9",""
"1996年","43000","熊本県","1861000","","9.7",""
"1996年","44000","大分県","1230000","","9.2",""
"1996年","45000","宮崎県","1177000","","10.0",""
"1996年","46000","鹿児島県","1793000","","9.4",""
"1996年","47000","沖縄県","1282000","","13.4",""
"1997年","01000","北海道","5699000","","8.6",""
"1997年","02000","青森県","1481000","","9.2",""
"1997年","03000","岩手県","1419000","","8.8",""
"1997年","04000","宮城県","2348000","","9.4",""
"1997年","05000","秋田県","1205000","","8.0",""
"1997年","06000","山形県","1253000","","9.0",""
"1997年","07000","福島県","2134000","","9.7",""
"1997年","08000","茨城県","2973000","","9.6",""
"1997年","09000","栃木県","1996000","","9.4",""
"1997年","10000","群馬県","2013000","","9.8",""
"1997年","11000","埼玉県","6841000","","9.9",""
"1997年","12000","千葉県","5839000","","9.4",""
"1997年","13000","東京都","11881000","","8.4",""
"1997年","14000","神奈川県","8319000","","9.9",""
"1997年","15000","新潟県","2490000","","9.0",""
"1997年","16000","富山県","1124000","","9.1",""
"1997年","17000","石川県","1181000","","9.6",""
"1997年","18000","福井県","828000","","9.9",""
"1997年","19000","山梨県","886000","","10.0",""
"1997年","20000","長野県","2207000","","9.7",""
"1997年","21000","岐阜県","2106000","","9.5",""
"1997年","22000","静岡県","3752000","","9.6",""
"1997年","23000","愛知県","6931000","","10.7",""
"1997年","24000","三重県","1851000","","9.6",""
"1997年","25000","滋賀県","1310000","","10.6",""
"1997年","26000","京都府","2638000","","9.1",""
"1997年","27000","大阪府","8808000","","10.3",""
"1997年","28000","兵庫県","5455000","","10.0",""
"1997年","29000","奈良県","1442000","","9.4",""
"1997年","30000","和歌山県","1078000","","9.1",""
"1997年","31000","鳥取県","614000","","9.2",""
"1997年","32000","島根県","768000","","8.5",""
"1997年","33000","岡山県","1952000","","9.9",""
"1997年","34000","広島県","2882000","","9.8",""
"1997年","35000","山口県","1545000","","8.6",""
"1997年","36000","徳島県","830000","","8.6",""
"1997年","37000","香川県","1026000","","9.3",""
"1997年","38000","愛媛県","1503000","","9.1",""
"1997年","39000","高知県","816000","","8.4",""
"1997年","40000","福岡県","4971000","","9.6",""
"1997年","41000","佐賀県","882000","","10.1",""
"1997年","42000","長崎県","1533000","","9.4",""
"1997年","43000","熊本県","1861000","","9.4",""
"1997年","44000","大分県","1228000","","9.1",""
"1997年","45000","宮崎県","1175000","","9.8",""
"1997年","46000","鹿児島県","1792000","","9.2",""
"1997年","47000","沖縄県","1289000","","12.9",""
"1998年","01000","北海道","5695000","","8.6",""
"1998年","02000","青森県","1479000","","9.2",""
"1998年","03000","岩手県","1419000","","9.0",""
"1998年","04000","宮城県","2355000","","9.5",""
"1998年","05000","秋田県","1200000","","7.8",""
"1998年","06000","山形県","1251000","","8.8",""
"1998年","07000","福島県","2132000","","9.7",""
"1998年","08000","茨城県","2980000","","9.7",""
"1998年","09000","栃木県","2001000","","9.5",""
"1998年","10000","群馬県","2017000","","9.7",""
"1998年","11000","埼玉県","6877000","","9.8",""
"1998年","12000","千葉県","5867000","","9.4",""
"1998年","13000","東京都","11939000","","8.5",""
"1998年","14000","神奈川県","8383000","","10.0",""
"1998年","15000","新潟県","2488000","","9.1",""
"1998年","16000","富山県","1124000","","9.0",""
"1998年","17000","石川県","1181000","","9.9",""
"1998年","18000","福井県","828000","","10.1",""
"1998年","19000","山梨県","888000","","9.7",""
"1998年","20000","長野県","2210000","","9.8",""
"1998年","21000","岐阜県","2108000","","9.8",""
"1998年","22000","静岡県","3758000","","9.7",""
"1998年","23000","愛知県","6973000","","10.9",""
"1998年","24000","三重県","1855000","","9.7",""
"1998年","25000","滋賀県","1323000","","10.8",""
"1998年","26000","京都府","2643000","","9.4",""
"1998年","27000","大阪府","8813000","","10.5",""
"1998年","28000","兵庫県","5494000","","10.1",""
"1998年","29000","奈良県","1443000","","9.6",""
"1998年","30000","和歌山県","1076000","","9.2",""
"1998年","31000","鳥取県","615000","","9.2",""
"1998年","32000","島根県","765000","","8.5",""
"1998年","33000","岡山県","1953000","","9.9",""
"1998年","34000","広島県","2882000","","9.7",""
"1998年","35000","山口県","1540000","","8.7",""
"1998年","36000","徳島県","829000","","8.8",""
"1998年","37000","香川県","1025000","","9.4",""
"1998年","38000","愛媛県","1501000","","9.1",""
"1998年","39000","高知県","816000","","8.3",""
"1998年","40000","福岡県","4990000","","9.6",""
"1998年","41000","佐賀県","881000","","9.9",""
"1998年","42000","長崎県","1526000","","9.6",""
"1998年","43000","熊本県","1862000","","9.4",""
"1998年","44000","大分県","1226000","","9.1",""
"1998年","45000","宮崎県","1173000","","9.7",""
"1998年","46000","鹿児島県","1790000","","9.1",""
"1998年","47000","沖縄県","1298000","","13.1",""
"1999年","01000","北海道","5689000","","8.2",""
"1999年","02000","青森県","1477000","","8.9",""
"1999年","03000","岩手県","1417000","","8.8",""
"1999年","04000","宮城県","2360000","","9.3",""
"1999年","05000","秋田県","1195000","","7.7",""
"1999年","06000","山形県","1247000","","8.7",""
"1999年","07000","福島県","2129000","","9.6",""
"1999年","08000","茨城県","2981000","","9.5",""
"1999年","09000","栃木県","2003000","","9.3",""
"1999年","10000","群馬県","2020000","","9.6",""
"1999年","11000","埼玉県","6906000","","9.6",""
"1999年","12000","千葉県","5893000","","9.2",""
"1999年","13000","東京都","11983000","","8.4",""
"1999年","14000","神奈川県","8432000","","9.8",""
"1999年","15000","新潟県","2482000","","8.8",""
"1999年","16000","富山県","1122000","","9.1",""
"1999年","17000","石川県","1180000","","9.6",""
"1999年","18000","福井県","828000","","9.8",""
"1999年","19000","山梨県","887000","","9.4",""
"1999年","20000","長野県","2210000","","9.5",""
"1999年","21000","岐阜県","2107000","","9.6",""
"1999年","22000","静岡県","3761000","","9.5",""
"1999年","23000","愛知県","7006000","","10.7",""
"1999年","24000","三重県","1856000","","9.4",""
"1999年","25000","滋賀県","1332000","","10.7",""
"1999年","26000","京都府","2645000","","9.2",""
"1999年","27000","大阪府","8813000","","10.2",""
"1999年","28000","兵庫県","5528000","","9.9",""
"1999年","29000","奈良県","1444000","","9.1",""
"1999年","30000","和歌山県","1074000","","8.9",""
"1999年","31000","鳥取県","614000","","8.7",""
"1999年","32000","島根県","763000","","8.4",""
"1999年","33000","岡山県","1953000","","9.6",""
"1999年","34000","広島県","2881000","","9.5",""
"1999年","35000","山口県","1535000","","8.6",""
"1999年","36000","徳島県","827000","","8.6",""
"1999年","37000","香川県","1025000","","9.4",""
"1999年","38000","愛媛県","1496000","","8.7",""
"1999年","39000","高知県","815000","","8.2",""
"1999年","40000","福岡県","5002000","","9.4",""
"1999年","41000","佐賀県","879000","","9.7",""
"1999年","42000","長崎県","1520000","","9.3",""
"1999年","43000","熊本県","1861000","","9.2",""
"1999年","44000","大分県","1224000","","8.8",""
"1999年","45000","宮崎県","1172000","","9.3",""
"1999年","46000","鹿児島県","1788000","","8.8",""
"1999年","47000","沖縄県","1308000","","12.8",""
"2000年","01000","北海道","5683062","","8.2",""
"2000年","02000","青森県","1475728","","8.8",""
"2000年","03000","岩手県","1416180","","8.8",""
"2000年","04000","宮城県","2365320","","9.4",""
"2000年","05000","秋田県","1189279","","7.6",""
"2000年","06000","山形県","1244147","","8.8",""
"2000年","07000","福島県","2126935","","9.6",""
"2000年","08000","茨城県","2985676","","9.6",""
"2000年","09000","栃木県","2004817","","9.6",""
"2000年","10000","群馬県","2024852","","9.7",""
"2000年","11000","埼玉県","6938006","","9.7",""
"2000年","12000","千葉県","5926285","","9.4",""
"2000年","13000","東京都","12064101","","8.5",""
"2000年","14000","神奈川県","8489974","","9.9",""
"2000年","15000","新潟県","2475733","","8.9",""
"2000年","16000","富山県","1120851","","9.1",""
"2000年","17000","石川県","1180977","","9.8",""
"2000年","18000","福井県","828944","","9.8",""
"2000年","19000","山梨県","888172","","9.5",""
"2000年","20000","長野県","2215168","","9.7",""
"2000年","21000","岐阜県","2107700","","9.7",""
"2000年","22000","静岡県","3767393","","9.6",""
"2000年","23000","愛知県","7043300","","10.8",""
"2000年","24000","三重県","1857339","","9.7",""
"2000年","25000","滋賀県","1342832","","10.6",""
"2000年","26000","京都府","2644391","","9.2",""
"2000年","27000","大阪府","8805081","","10.2",""
"2000年","28000","兵庫県","5550574","","10.0",""
"2000年","29000","奈良県","1442795","","9.3",""
"2000年","30000","和歌山県","1069912","","9.0",""
"2000年","31000","鳥取県","613289","","9.3",""
"2000年","32000","島根県","761503","","8.6",""
"2000年","33000","岡山県","1950828","","9.8",""
"2000年","34000","広島県","2878915","","9.6",""
"2000年","35000","山口県","1527964","","8.7",""
"2000年","36000","徳島県","824108","","8.8",""
"2000年","37000","香川県","1022890","","9.6",""
"2000年","38000","愛媛県","1493092","","8.9",""
"2000年","39000","高知県","813949","","8.4",""
"2000年","40000","福岡県","5015699","","9.5",""
"2000年","41000","佐賀県","876654","","10.0",""
"2000年","42000","長崎県","1516523","","9.3",""
"2000年","43000","熊本県","1859344","","9.3",""
"2000年","44000","大分県","1221140","","9.0",""
"2000年","45000","宮崎県","1170007","","9.5",""
"2000年","46000","鹿児島県","1786194","","9.1",""
"2000年","47000","沖縄県","1318220","","12.8",""
"2001年","01000","北海道","5680000","","8.2",""
"2001年","02000","青森県","1473000","","8.8",""
"2001年","03000","岩手県","1413000","","8.7",""
"2001年","04000","宮城県","2369000","","9.2",""
"2001年","05000","秋田県","1183000","","7.5",""
"2001年","06000","山形県","1241000","","8.8",""
"2001年","07000","福島県","2124000","","9.5",""
"2001年","08000","茨城県","2990000","","9.4",""
"2001年","09000","栃木県","2011000","","9.5",""
"2001年","10000","群馬県","2029000","","9.5",""
"2001年","11000","埼玉県","6977000","","9.5",""
"2001年","12000","千葉県","5970000","","9.2",""
"2001年","13000","東京都","12165000","","8.3",""
"2001年","14000","神奈川県","8575000","","9.7",""
"2001年","15000","新潟県","2471000","","8.7",""
"2001年","16000","富山県","1120000","","9.0",""
"2001年","17000","石川県","1182000","","9.7",""
"2001年","18000","福井県","830000","","9.7",""
"2001年","19000","山梨県","890000","","9.3",""
"2001年","20000","長野県","2222000","","9.6",""
"2001年","21000","岐阜県","2111000","","9.4",""
"2001年","22000","静岡県","3780000","","9.5",""
"2001年","23000","愛知県","7091000","","10.5",""
"2001年","24000","三重県","1862000","","9.3",""
"2001年","25000","滋賀県","1354000","","10.5",""
"2001年","26000","京都府","2649000","","9.0",""
"2001年","27000","大阪府","8821000","","9.9",""
"2001年","28000","兵庫県","5572000","","9.6",""
"2001年","29000","奈良県","1442000","","8.9",""
"2001年","30000","和歌山県","1065000","","8.8",""
"2001年","31000","鳥取県","613000","","9.2",""
"2001年","32000","島根県","760000","","8.8",""
"2001年","33000","岡山県","1954000","","9.7",""
"2001年","34000","広島県","2880000","","9.6",""
"2001年","35000","山口県","1523000","","8.6",""
"2001年","36000","徳島県","822000","","8.6",""
"2001年","37000","香川県","1022000","","9.3",""
"2001年","38000","愛媛県","1490000","","8.8",""
"2001年","39000","高知県","812000","","8.3",""
"2001年","40000","福岡県","5030000","","9.4",""
"2001年","41000","佐賀県","876000","","9.8",""
"2001年","42000","長崎県","1512000","","9.1",""
"2001年","43000","熊本県","1860000","","9.1",""
"2001年","44000","大分県","1220000","","9.0",""
"2001年","45000","宮崎県","1168000","","9.4",""
"2001年","46000","鹿児島県","1782000","","9.0",""
"2001年","47000","沖縄県","1327000","","13.0",""
"2002年","01000","北海道","5672000","","8.2",""
"2002年","02000","青森県","1467000","","8.5",""
"2002年","03000","岩手県","1407000","","8.5",""
"2002年","04000","宮城県","2369000","","9.1",""
"2002年","05000","秋田県","1175000","","7.2",""
"2002年","06000","山形県","1236000","","8.5",""
"2002年","07000","福島県","2118000","","9.2",""
"2002年","08000","茨城県","2987000","","9.3",""
"2002年","09000","栃木県","2012000","","9.3",""
"2002年","10000","群馬県","2030000","","9.4",""
"2002年","11000","埼玉県","7000000","","9.3",""
"2002年","12000","千葉県","5998000","","9.2",""
"2002年","13000","東京都","12271000","","8.4",""
"2002年","14000","神奈川県","8636000","","9.6",""
"2002年","15000","新潟県","2462000","","8.2",""
"2002年","16000","富山県","1118000","","8.9",""
"2002年","17000","石川県","1180000","","9.3",""
"2002年","18000","福井県","828000","","9.5",""
"2002年","19000","山梨県","889000","","9.0",""
"2002年","20000","長野県","2215000","","9.3",""
"2002年","21000","岐阜県","2110000","","9.4",""
"2002年","22000","静岡県","3784000","","9.5",""
"2002年","23000","愛知県","7131000","","10.3",""
"2002年","24000","三重県","1863000","","9.4",""
"2002年","25000","滋賀県","1361000","","10.4",""
"2002年","26000","京都府","2648000","","8.8",""
"2002年","27000","大阪府","8821000","","9.7",""
"2002年","28000","兵庫県","5580000","","9.5",""
"2002年","29000","奈良県","1437000","","8.7",""
"2002年","30000","和歌山県","1059000","","8.5",""
"2002年","31000","鳥取県","612000","","8.8",""
"2002年","32000","島根県","756000","","8.4",""
"2002年","33000","岡山県","1956000","","9.5",""
"2002年","34000","広島県","2878000","","9.3",""
"2002年","35000","山口県","1517000","","8.4",""
"2002年","36000","徳島県","820000","","8.4",""
"2002年","37000","香川県","1020000","","9.3",""
"2002年","38000","愛媛県","1485000","","8.4",""
"2002年","39000","高知県","810000","","8.1",""
"2002年","40000","福岡県","5039000","","9.3",""
"2002年","41000","佐賀県","874000","","9.4",""
"2002年","42000","長崎県","1505000","","8.8",""
"2002年","43000","熊本県","1857000","","9.1",""
"2002年","44000","大分県","1219000","","8.6",""
"2002年","45000","宮崎県","1165000","","9.2",""
"2002年","46000","鹿児島県","1776000","","8.9",""
"2002年","47000","沖縄県","1336000","","12.4",""
"2003年","01000","北海道","5663000","","8.0",""
"2003年","02000","青森県","1459000","","8.0",""
"2003年","03000","岩手県","1401000","","8.1",""
"2003年","04000","宮城県","2369000","","8.8",""
"2003年","05000","秋田県","1165000","","6.9",""
"2003年","06000","山形県","1230000","","8.2",""
"2003年","07000","福島県","2110000","","9.0",""
"2003年","08000","茨城県","2985000","","9.0",""
"2003年","09000","栃木県","2014000","","9.1",""
"2003年","10000","群馬県","2030000","","9.2",""
"2003年","11000","埼玉県","7028000","","9.1",""
"2003年","12000","千葉県","6030000","","8.9",""
"2003年","13000","東京都","12388000","","8.2",""
"2003年","14000","神奈川県","8702000","","9.4",""
"2003年","15000","新潟県","2455000","","8.1",""
"2003年","16000","富山県","1116000","","8.4",""
"2003年","17000","石川県","1179000","","9.3",""
"2003年","18000","福井県","827000","","9.1",""
"2003年","19000","山梨県","888000","","8.8",""
"2003年","20000","長野県","2210000","","9.1",""
"2003年","21000","岐阜県","2110000","","9.2",""
"2003年","22000","静岡県","3790000","","9.1",""
"2003年","23000","愛知県","7170000","","10.0",""
"2003年","24000","三重県","1864000","","9.0",""
"2003年","25000","滋賀県","1368000","","10.1",""
"2003年","26000","京都府","2650000","","8.6",""
"2003年","27000","大阪府","8824000","","9.4",""
"2003年","28000","兵庫県","5589000","","9.2",""
"2003年","29000","奈良県","1434000","","8.5",""
"2003年","30000","和歌山県","1052000","","8.1",""
"2003年","31000","鳥取県","611000","","9.0",""
"2003年","32000","島根県","752000","","8.1",""
"2003年","33000","岡山県","1958000","","9.2",""
"2003年","34000","広島県","2879000","","9.2",""
"2003年","35000","山口県","1510000","","8.1",""
"2003年","36000","徳島県","818000","","8.1",""
"2003年","37000","香川県","1018000","","9.0",""
"2003年","38000","愛媛県","1481000","","8.5",""
"2003年","39000","高知県","806000","","7.8",""
"2003年","40000","福岡県","5045000","","9.0",""
"2003年","41000","佐賀県","872000","","9.1",""
"2003年","42000","長崎県","1498000","","8.7",""
"2003年","43000","熊本県","1852000","","8.8",""
"2003年","44000","大分県","1217000","","8.4",""
"2003年","45000","宮崎県","1162000","","8.8",""
"2003年","46000","鹿児島県","1770000","","8.8",""
"2003年","47000","沖縄県","1345000","","12.1",""
"2004年","01000","北海道","5650000","","7.8",""
"2004年","02000","青森県","1448000","","8.0",""
"2004年","03000","岩手県","1395000","","8.0",""
"2004年","04000","宮城県","2366000","","8.6",""
"2004年","05000","秋田県","1156000","","6.9",""
"2004年","06000","山形県","1224000","","8.1",""
"2004年","07000","福島県","2102000","","8.7",""
"2004年","08000","茨城県","2982000","","8.9",""
"2004年","09000","栃木県","2016000","","9.0",""
"2004年","10000","群馬県","2027000","","8.9",""
"2004年","11000","埼玉県","7046000","","8.9",""
"2004年","12000","千葉県","6047000","","8.9",""
"2004年","13000","東京都","12482000","","8.2",""
"2004年","14000","神奈川県","8753000","","9.2",""
"2004年","15000","新潟県","2445000","","8.0",""
"2004年","16000","富山県","1115000","","8.5",""
"2004年","17000","石川県","1178000","","9.0",""
"2004年","18000","福井県","824000","","8.9",""
"2004年","19000","山梨県","886000","","8.6",""
"2004年","20000","長野県","2206000","","8.9",""
"2004年","21000","岐阜県","2108000","","8.9",""
"2004年","22000","静岡県","3791000","","9.0",""
"2004年","23000","愛知県","7209000","","10.0",""
"2004年","24000","三重県","1867000","","8.9",""
"2004年","25000","滋賀県","1375000","","10.1",""
"2004年","26000","京都府","2650000","","8.5",""
"2004年","27000","大阪府","8825000","","9.2",""
"2004年","28000","兵庫県","5592000","","9.0",""
"2004年","29000","奈良県","1428000","","8.3",""
"2004年","30000","和歌山県","1045000","","7.8",""
"2004年","31000","鳥取県","610000","","8.7",""
"2004年","32000","島根県","747000","","8.2",""
"2004年","33000","岡山県","1959000","","9.1",""
"2004年","34000","広島県","2879000","","9.0",""
"2004年","35000","山口県","1502000","","8.1",""
"2004年","36000","徳島県","814000","","8.0",""
"2004年","37000","香川県","1016000","","9.0",""
"2004年","38000","愛媛県","1475000","","8.2",""
"2004年","39000","高知県","802000","","7.6",""
"2004年","40000","福岡県","5050000","","9.0",""
"2004年","41000","佐賀県","870000","","9.1",""
"2004年","42000","長崎県","1490000","","8.7",""
"2004年","43000","熊本県","1848000","","8.8",""
"2004年","44000","大分県","1214000","","8.3",""
"2004年","45000","宮崎県","1159000","","8.9",""
"2004年","46000","鹿児島県","1763000","","8.6",""
"2004年","47000","沖縄県","1353000","","12.1",""
"2005年","01000","北海道","5627737","","7.4",""
"2005年","02000","青森県","1436657","","7.3",""
"2005年","03000","岩手県","1385041","","7.6",""
"2005年","04000","宮城県","2360218","","8.2",""
"2005年","05000","秋田県","1145501","","6.7",""
"2005年","06000","山形県","1216181","","7.7",""
"2005年","07000","福島県","2091319","","8.4",""
"2005年","08000","茨城県","2975167","","8.3",""
"2005年","09000","栃木県","2016631","","8.7",""
"2005年","10000","群馬県","2024135","","8.6",""
"2005年","11000","埼玉県","7054243","","8.6",""
"2005年","12000","千葉県","6056462","","8.5",""
"2005年","13000","東京都","12576601","","7.8",""
"2005年","14000","神奈川県","8791597","","8.8",""
"2005年","15000","新潟県","2431459","","7.6",""
"2005年","16000","富山県","1111729","","8.1",""
"2005年","17000","石川県","1174026","","8.6",""
"2005年","18000","福井県","821592","","8.8",""
"2005年","19000","山梨県","884515","","8.2",""
"2005年","20000","長野県","2196114","","8.6",""
"2005年","21000","岐阜県","2107226","","8.6",""
"2005年","22000","静岡県","3792377","","8.6",""
"2005年","23000","愛知県","7254704","","9.4",""
"2005年","24000","三重県","1866963","","8.4",""
"2005年","25000","滋賀県","1380361","","9.5",""
"2005年","26000","京都府","2647660","","8.3",""
"2005年","27000","大阪府","8817166","","8.8",""
"2005年","28000","兵庫県","5590601","","8.6",""
"2005年","29000","奈良県","1421310","","7.9",""
"2005年","30000","和歌山県","1035969","","7.6",""
"2005年","31000","鳥取県","607012","","8.3",""
"2005年","32000","島根県","742223","","7.7",""
"2005年","33000","岡山県","1957264","","8.6",""
"2005年","34000","広島県","2876642","","8.7",""
"2005年","35000","山口県","1492606","","7.8",""
"2005年","36000","徳島県","809950","","7.3",""
"2005年","37000","香川県","1012400","","8.6",""
"2005年","38000","愛媛県","1467815","","7.9",""
"2005年","39000","高知県","796292","","7.5",""
"2005年","40000","福岡県","5049908","","8.7",""
"2005年","41000","佐賀県","866369","","8.7",""
"2005年","42000","長崎県","1478632","","8.2",""
"2005年","43000","熊本県","1842233","","8.5",""
"2005年","44000","大分県","1209571","","8.1",""
"2005年","45000","宮崎県","1153042","","8.5",""
"2005年","46000","鹿児島県","1753179","","8.5",""
"2005年","47000","沖縄県","1361594","","11.9",""
"2006年","01000","北海道","5605000","","7.6",""
"2006年","02000","青森県","1424000","","7.4",""
"2006年","03000","岩手県","1375000","","7.7",""
"2006年","04000","宮城県","2358000","","8.4",""
"2006年","05000","秋田県","1134000","","6.8",""
"2006年","06000","山形県","1207000","","7.9",""
"2006年","07000","福島県","2080000","","8.5",""
"2006年","08000","茨城県","2974000","","8.6",""
"2006年","09000","栃木県","2016000","","8.9",""
"2006年","10000","群馬県","2022000","","8.6",""
"2006年","11000","埼玉県","7079000","","8.8",""
"2006年","12000","千葉県","6084000","","8.6",""
"2006年","13000","東京都","12704000","","8.2",""
"2006年","14000","神奈川県","8846000","","9.1",""
"2006年","15000","新潟県","2420000","","7.9",""
"2006年","16000","富山県","1110000","","8.2",""
"2006年","17000","石川県","1173000","","8.8",""
"2006年","18000","福井県","820000","","9.1",""
"2006年","19000","山梨県","880000","","8.2",""
"2006年","20000","長野県","2189000","","8.7",""
"2006年","21000","岐阜県","2105000","","8.8",""
"2006年","22000","静岡県","3795000","","8.8",""
"2006年","23000","愛知県","7307000","","9.8",""
"2006年","24000","三重県","1872000","","8.6",""
"2006年","25000","滋賀県","1390000","","9.9",""
"2006年","26000","京都府","2646000","","8.5",""
"2006年","27000","大阪府","8828000","","9.0",""
"2006年","28000","兵庫県","5592000","","8.9",""
"2006年","29000","奈良県","1417000","","8.2",""
"2006年","30000","和歌山県","1029000","","7.8",""
"2006年","31000","鳥取県","604000","","8.6",""
"2006年","32000","島根県","737000","","8.2",""
"2006年","33000","岡山県","1956000","","8.9",""
"2006年","34000","広島県","2875000","","8.9",""
"2006年","35000","山口県","1484000","","7.9",""
"2006年","36000","徳島県","806000","","7.8",""
"2006年","37000","香川県","1009000","","8.6",""
"2006年","38000","愛媛県","1460000","","8.1",""
"2006年","39000","高知県","790000","","7.6",""
"2006年","40000","福岡県","5057000","","9.0",""
"2006年","41000","佐賀県","863000","","8.9",""
"2006年","42000","長崎県","1467000","","8.5",""
"2006年","43000","熊本県","1838000","","8.9",""
"2006年","44000","大分県","1207000","","8.5",""
"2006年","45000","宮崎県","1150000","","8.8",""
"2006年","46000","鹿児島県","1744000","","8.7",""
"2006年","47000","沖縄県","1369000","","12.1",""
"2007年","01000","北海道","5579000","","7.5",""
"2007年","02000","青森県","1409000","","7.2",""
"2007年","03000","岩手県","1364000","","7.6",""
"2007年","04000","宮城県","2354000","","8.5",""
"2007年","05000","秋田県","1121000","","6.7",""
"2007年","06000","山形県","1198000","","7.7",""
"2007年","07000","福島県","2067000","","8.3",""
"2007年","08000","茨城県","2973000","","8.5",""
"2007年","09000","栃木県","2016000","","8.7",""
"2007年","10000","群馬県","2020000","","8.5",""
"2007年","11000","埼玉県","7106000","","8.7",""
"2007年","12000","千葉県","6119000","","8.6",""
"2007年","13000","東京都","12848000","","8.3",""
"2007年","14000","神奈川県","8912000","","9.0",""
"2007年","15000","新潟県","2408000","","7.8",""
"2007年","16000","富山県","1107000","","8.0",""
"2007年","17000","石川県","1173000","","8.9",""
"2007年","18000","福井県","817000","","8.9",""
"2007年","19000","山梨県","877000","","8.1",""
"2007年","20000","長野県","2182000","","8.7",""
"2007年","21000","岐阜県","2104000","","8.6",""
"2007年","22000","静岡県","3796000","","9.0",""
"2007年","23000","愛知県","7357000","","9.8",""
"2007年","24000","三重県","1873000","","8.6",""
"2007年","25000","滋賀県","1398000","","9.7",""
"2007年","26000","京都府","2643000","","8.3",""
"2007年","27000","大阪府","8839000","","8.9",""
"2007年","28000","兵庫県","5593000","","8.8",""
"2007年","29000","奈良県","1413000","","8.0",""
"2007年","30000","和歌山県","1021000","","7.6",""
"2007年","31000","鳥取県","601000","","8.4",""
"2007年","32000","島根県","733000","","8.1",""
"2007年","33000","岡山県","1956000","","8.8",""
"2007年","34000","広島県","2874000","","9.1",""
"2007年","35000","山口県","1476000","","8.0",""
"2007年","36000","徳島県","800000","","7.6",""
"2007年","37000","香川県","1006000","","8.7",""
"2007年","38000","愛媛県","1453000","","8.1",""
"2007年","39000","高知県","783000","","7.3",""
"2007年","40000","福岡県","5061000","","9.2",""
"2007年","41000","佐賀県","860000","","9.0",""
"2007年","42000","長崎県","1455000","","8.4",""
"2007年","43000","熊本県","1832000","","9.0",""
"2007年","44000","大分県","1206000","","8.5",""
"2007年","45000","宮崎県","1146000","","9.1",""
"2007年","46000","鹿児島県","1733000","","8.7",""
"2007年","47000","沖縄県","1374000","","12.1",""
"2008年","01000","北海道","5548000","","7.4",""
"2008年","02000","青森県","1395000","","7.3",""
"2008年","03000","岩手県","1352000","","7.6",""
"2008年","04000","宮城県","2349000","","8.5",""
"2008年","05000","秋田県","1109000","","6.7",""
"2008年","06000","山形県","1188000","","7.8",""
"2008年","07000","福島県","2054000","","8.3",""
"2008年","08000","茨城県","2971000","","8.4",""
"2008年","09000","栃木県","2015000","","8.7",""
"2008年","10000","群馬県","2017000","","8.6",""
"2008年","11000","埼玉県","7136000","","8.6",""
"2008年","12000","千葉県","6153000","","8.7",""
"2008年","13000","東京都","12973000","","8.4",""
"2008年","14000","神奈川県","8965000","","9.0",""
"2008年","15000","新潟県","2396000","","7.7",""
"2008年","16000","富山県","1103000","","8.0",""
"2008年","17000","石川県","1172000","","8.8",""
"2008年","18000","福井県","814000","","8.9",""
"2008年","19000","山梨県","871000","","8.1",""
"2008年","20000","長野県","2173000","","8.5",""
"2008年","21000","岐阜県","2100000","","8.5",""
"2008年","22000","静岡県","3793000","","8.8",""
"2008年","23000","愛知県","7399000","","9.9",""
"2008年","24000","三重県","1871000","","8.6",""
"2008年","25000","滋賀県","1405000","","9.8",""
"2008年","26000","京都府","2640000","","8.4",""
"2008年","27000","大阪府","8847000","","9.0",""
"2008年","28000","兵庫県","5592000","","8.9",""
"2008年","29000","奈良県","1407000","","7.9",""
"2008年","30000","和歌山県","1014000","","7.8",""
"2008年","31000","鳥取県","596000","","8.3",""
"2008年","32000","島根県","727000","","7.9",""
"2008年","33000","岡山県","1953000","","8.8",""
"2008年","34000","広島県","2870000","","9.0",""
"2008年","35000","山口県","1466000","","8.0",""
"2008年","36000","徳島県","795000","","7.5",""
"2008年","37000","香川県","1003000","","8.6",""
"2008年","38000","愛媛県","1445000","","8.1",""
"2008年","39000","高知県","775000","","7.5",""
"2008年","40000","福岡県","5062000","","9.3",""
"2008年","41000","佐賀県","856000","","9.2",""
"2008年","42000","長崎県","1443000","","8.5",""
"2008年","43000","熊本県","1826000","","9.1",""
"2008年","44000","大分県","1204000","","8.6",""
"2008年","45000","宮崎県","1141000","","9.1",""
"2008年","46000","鹿児島県","1721000","","9.0",""
"2008年","47000","沖縄県","1378000","","12.2",""
"2009年","01000","北海道","5524000","","7.3",""
"2009年","02000","青森県","1383000","","6.9",""
"2009年","03000","岩手県","1340000","","7.4",""
"2009年","04000","宮城県","2348000","","8.2",""
"2009年","05000","秋田県","1097000","","6.4",""
"2009年","06000","山形県","1178000","","7.4",""
"2009年","07000","福島県","2041000","","8.0",""
"2009年","08000","茨城県","2970000","","8.3",""
"2009年","09000","栃木県","2011000","","8.6",""
"2009年","10000","群馬県","2014000","","8.3",""
"2009年","11000","埼玉県","7161000","","8.5",""
"2009年","12000","千葉県","6180000","","8.6",""
"2009年","13000","東京都","13048000","","8.5",""
"2009年","14000","神奈川県","9006000","","8.9",""
"2009年","15000","新潟県","2385000","","7.6",""
"2009年","16000","富山県","1098000","","7.8",""
"2009年","17000","石川県","1171000","","8.5",""
"2009年","18000","福井県","810000","","8.8",""
"2009年","19000","山梨県","867000","","7.8",""
"2009年","20000","長野県","2162000","","8.1",""
"2009年","21000","岐阜県","2091000","","8.5",""
"2009年","22000","静岡県","3783000","","8.6",""
"2009年","23000","愛知県","7411000","","9.7",""
"2009年","24000","三重県","1864000","","8.6",""
"2009年","25000","滋賀県","1409000","","9.5",""
"2009年","26000","京都府","2637000","","8.2",""
"2009年","27000","大阪府","8855000","","8.7",""
"2009年","28000","兵庫県","5591000","","8.6",""
"2009年","29000","奈良県","1404000","","7.7",""
"2009年","30000","和歌山県","1008000","","7.5",""
"2009年","31000","鳥取県","592000","","8.3",""
"2009年","32000","島根県","721000","","7.8",""
"2009年","33000","岡山県","1949000","","8.5",""
"2009年","34000","広島県","2864000","","9.0",""
"2009年","35000","山口県","1459000","","7.8",""
"2009年","36000","徳島県","790000","","7.5",""
"2009年","37000","香川県","999000","","8.4",""
"2009年","38000","愛媛県","1438000","","8.1",""
"2009年","39000","高知県","769000","","7.1",""
"2009年","40000","福岡県","5064000","","9.2",""
"2009年","41000","佐賀県","853000","","8.9",""
"2009年","42000","長崎県","1434000","","8.3",""
"2009年","43000","熊本県","1821000","","9.0",""
"2009年","44000","大分県","1200000","","8.4",""
"2009年","45000","宮崎県","1138000","","9.0",""
"2009年","46000","鹿児島県","1712000","","8.8",""
"2009年","47000","沖縄県","1385000","","12.2",""
"2010年","01000","北海道","5506419","","7.3",""
"2010年","02000","青森県","1373339","","7.1",""
"2010年","03000","岩手県","1330147","","7.4",""
"2010年","04000","宮城県","2348165","","8.2",""
"2010年","05000","秋田県","1085997","","6.2",""
"2010年","06000","山形県","1168924","","7.4",""
"2010年","07000","福島県","2029064","","8.0",""
"2010年","08000","茨城県","2969770","","8.2",""
"2010年","09000","栃木県","2007683","","8.3",""
"2010年","10000","群馬県","2008068","","8.1",""
"2010年","11000","埼玉県","7194556","","8.4",""
"2010年","12000","千葉県","6216289","","8.4",""
"2010年","13000","東京都","13159388","","8.4",""
"2010年","14000","神奈川県","9048331","","8.8",""
"2010年","15000","新潟県","2374450","","7.7",""
"2010年","16000","富山県","1093247","","7.6",""
"2010年","17000","石川県","1169788","","8.3",""
"2010年","18000","福井県","806314","","8.6",""
"2010年","19000","山梨県","863075","","7.8",""
"2010年","20000","長野県","2152449","","8.1",""
"2010年","21000","岐阜県","2080773","","8.3",""
"2010年","22000","静岡県","3765007","","8.6",""
"2010年","23000","愛知県","7410719","","9.6",""
"2010年","24000","三重県","1854724","","8.4",""
"2010年","25000","滋賀県","1410777","","9.6",""
"2010年","26000","京都府","2636092","","8.2",""
"2010年","27000","大阪府","8865245","","8.6",""
"2010年","28000","兵庫県","5588133","","8.7",""
"2010年","29000","奈良県","1400728","","7.7",""
"2010年","30000","和歌山県","1002198","","7.6",""
"2010年","31000","鳥取県","588667","","8.2",""
"2010年","32000","島根県","717397","","8.1",""
"2010年","33000","岡山県","1945276","","8.7",""
"2010年","34000","広島県","2860750","","9.0",""
"2010年","35000","山口県","1451338","","8.0",""
"2010年","36000","徳島県","785491","","7.6",""
"2010年","37000","香川県","995842","","8.5",""
"2010年","38000","愛媛県","1431493","","8.0",""
"2010年","39000","高知県","764456","","7.2",""
"2010年","40000","福岡県","5071968","","9.3",""
"2010年","41000","佐賀県","849788","","9.0",""
"2010年","42000","長崎県","1426779","","8.5",""
"2010年","43000","熊本県","1817426","","9.0",""
"2010年","44000","大分県","1196529","","8.5",""
"2010年","45000","宮崎県","1135233","","9.0",""
"2010年","46000","鹿児島県","1706242","","8.9",""
"2010年","47000","沖縄県","1392818","","12.3",""
"2011年","01000","北海道","5488000","","7.2",""
"2011年","02000","青森県","1363000","","7.0",""
"2011年","03000","岩手県","1315000","","7.1",""
"2011年","04000","宮城県","2326000","","7.8",""
"2011年","05000","秋田県","1075000","","6.2",""
"2011年","06000","山形県","1162000","","7.4",""
"2011年","07000","福島県","1988000","","7.6",""
"2011年","08000","茨城県","2960000","","8.0",""
"2011年","09000","栃木県","2000000","","8.1",""
"2011年","10000","群馬県","2001000","","8.0",""
"2011年","11000","埼玉県","7209000","","8.2",""
"2011年","12000","千葉県","6217000","","8.2",""
"2011年","13000","東京都","13198000","","8.2",""
"2011年","14000","神奈川県","9060000","","8.5",""
"2011年","15000","新潟県","2364000","","7.5",""
"2011年","16000","富山県","1088000","","7.3",""
"2011年","17000","石川県","1167000","","8.3",""
"2011年","18000","福井県","803000","","8.5",""
"2011年","19000","山梨県","857000","","7.6",""
"2011年","20000","長野県","2142000","","8.0",""
"2011年","21000","岐阜県","2071000","","8.3",""
"2011年","22000","静岡県","3752000","","8.4",""
"2011年","23000","愛知県","7418000","","9.5",""
"2011年","24000","三重県","1847000","","8.3",""
"2011年","25000","滋賀県","1413000","","9.6",""
"2011年","26000","京都府","2633000","","8.0",""
"2011年","27000","大阪府","8863000","","8.5",""
"2011年","28000","兵庫県","5584000","","8.6",""
"2011年","29000","奈良県","1395000","","7.5",""
"2011年","30000","和歌山県","995000","","7.5",""
"2011年","31000","鳥取県","586000","","8.5",""
"2011年","32000","島根県","713000","","7.9",""
"2011年","33000","岡山県","1941000","","8.7",""
"2011年","34000","広島県","2858000","","9.0",""
"2011年","35000","山口県","1444000","","7.8",""
"2011年","36000","徳島県","780000","","7.6",""
"2011年","37000","香川県","992000","","8.4",""
"2011年","38000","愛媛県","1424000","","8.0",""
"2011年","39000","高知県","758000","","6.9",""
"2011年","40000","福岡県","5081000","","9.2",""
"2011年","41000","佐賀県","847000","","9.0",""
"2011年","42000","長崎県","1418000","","8.3",""
"2011年","43000","熊本県","1813000","","8.9",""
"2011年","44000","大分県","1192000","","8.4",""
"2011年","45000","宮崎県","1130000","","9.0",""
"2011年","46000","鹿児島県","1697000","","9.0",""
"2011年","47000","沖縄県","1402000","","12.1",""
"2012年","01000","北海道","5465000","","7.1",""
"2012年","02000","青森県","1350000","","6.8",""
"2012年","03000","岩手県","1306000","","7.1",""
"2012年","04000","宮城県","2329000","","8.1",""
"2012年","05000","秋田県","1063000","","6.2",""
"2012年","06000","山形県","1153000","","7.2",""
"2012年","07000","福島県","1957000","","7.0",""
"2012年","08000","茨城県","2947000","","7.9",""
"2012年","09000","栃木県","1992000","","8.1",""
"2012年","10000","群馬県","1994000","","7.6",""
"2012年","11000","埼玉県","7216000","","8.0",""
"2012年","12000","千葉県","6200000","","8.0",""
"2012年","13000","東京都","13234000","","8.3",""
"2012年","14000","神奈川県","9070000","","8.4",""
"2012年","15000","新潟県","2350000","","7.5",""
"2012年","16000","富山県","1083000","","7.4",""
"2012年","17000","石川県","1164000","","8.3",""
"2012年","18000","福井県","800000","","8.5",""
"2012年","19000","山梨県","852000","","7.5",""
"2012年","20000","長野県","2132000","","7.9",""
"2012年","21000","岐阜県","2062000","","8.1",""
"2012年","22000","静岡県","3739000","","8.4",""
"2012年","23000","愛知県","7431000","","9.3",""
"2012年","24000","三重県","1841000","","8.1",""
"2012年","25000","滋賀県","1414000","","9.5",""
"2012年","26000","京都府","2628000","","7.8",""
"2012年","27000","大阪府","8861000","","8.4",""
"2012年","28000","兵庫県","5575000","","8.4",""
"2012年","29000","奈良県","1388000","","7.7",""
"2012年","30000","和歌山県","988000","","7.6",""
"2012年","31000","鳥取県","583000","","8.3",""
"2012年","32000","島根県","708000","","8.0",""
"2012年","33000","岡山県","1937000","","8.5",""
"2012年","34000","広島県","2855000","","8.8",""
"2012年","35000","山口県","1434000","","7.6",""
"2012年","36000","徳島県","775000","","7.4",""
"2012年","37000","香川県","989000","","8.3",""
"2012年","38000","愛媛県","1415000","","7.9",""
"2012年","39000","高知県","751000","","7.0",""
"2012年","40000","福岡県","5089000","","9.1",""
"2012年","41000","佐賀県","845000","","8.9",""
"2012年","42000","長崎県","1408000","","8.4",""
"2012年","43000","熊本県","1807000","","8.9",""
"2012年","44000","大分県","1186000","","8.2",""
"2012年","45000","宮崎県","1125000","","8.8",""
"2012年","46000","鹿児島県","1687000","","8.8",""
"2012年","47000","沖縄県","1411000","","12.2",""
"2013年","01000","北海道","5438000","","7.1",""
"2013年","02000","青森県","1337000","","6.8",""
"2013年","03000","岩手県","1299000","","7.2",""
"2013年","04000","宮城県","2333000","","8.2",""
"2013年","05000","秋田県","1050000","","5.9",""
"2013年","06000","山形県","1144000","","7.2",""
"2013年","07000","福島県","1940000","","7.5",""
"2013年","08000","茨城県","2937000","","7.7",""
"2013年","09000","栃木県","1986000","","7.9",""
"2013年","10000","群馬県","1986000","","7.6",""
"2013年","11000","埼玉県","7228000","","8.1",""
"2013年","12000","千葉県","6201000","","7.9",""
"2013年","13000","東京都","13307000","","8.5",""
"2013年","14000","神奈川県","9084000","","8.3",""
"2013年","15000","新潟県","2336000","","7.4",""
"2013年","16000","富山県","1077000","","7.3",""
"2013年","17000","石川県","1160000","","8.2",""
"2013年","18000","福井県","796000","","8.2",""
"2013年","19000","山梨県","847000","","7.4",""
"2013年","20000","長野県","2122000","","7.8",""
"2013年","21000","岐阜県","2053000","","7.9",""
"2013年","22000","静岡県","3730000","","8.2",""
"2013年","23000","愛知県","7449000","","9.2",""
"2013年","24000","三重県","1833000","","8.1",""
"2013年","25000","滋賀県","1415000","","9.3",""
"2013年","26000","京都府","2622000","","7.8",""
"2013年","27000","大阪府","8856000","","8.3",""
"2013年","28000","兵庫県","5565000","","8.3",""
"2013年","29000","奈良県","1381000","","7.4",""
"2013年","30000","和歌山県","980000","","7.3",""
"2013年","31000","鳥取県","580000","","8.3",""
"2013年","32000","島根県","704000","","7.9",""
"2013年","33000","岡山県","1932000","","8.5",""
"2013年","34000","広島県","2850000","","8.8",""
"2013年","35000","山口県","1425000","","7.6",""
"2013年","36000","徳島県","769000","","7.4",""
"2013年","37000","香川県","985000","","8.2",""
"2013年","38000","愛媛県","1406000","","7.7",""
"2013年","39000","高知県","743000","","7.1",""
"2013年","40000","福岡県","5096000","","9.1",""
"2013年","41000","佐賀県","841000","","8.7",""
"2013年","42000","長崎県","1397000","","8.3",""
"2013年","43000","熊本県","1801000","","8.9",""
"2013年","44000","大分県","1180000","","8.2",""
"2013年","45000","宮崎県","1119000","","8.8",""
"2013年","46000","鹿児島県","1675000","","8.7",""
"2013年","47000","沖縄県","1419000","","12.2",""
"2014年","01000","北海道","5410000","","6.9",""
"2014年","02000","青森県","1323000","","6.7",""
"2014年","03000","岩手県","1290000","","6.9",""
"2014年","04000","宮城県","2335000","","7.8",""
"2014年","05000","秋田県","1037000","","5.8",""
"2014年","06000","山形県","1134000","","7.1",""
"2014年","07000","福島県","1927000","","7.5",""
"2014年","08000","茨城県","2927000","","7.6",""
"2014年","09000","栃木県","1980000","","7.9",""
"2014年","10000","群馬県","1979000","","7.5",""
"2014年","11000","埼玉県","7247000","","7.8",""
"2014年","12000","千葉県","6209000","","7.6",""
"2014年","13000","東京都","13399000","","8.5",""
"2014年","14000","神奈川県","9103000","","8.1",""
"2014年","15000","新潟県","2320000","","7.2",""
"2014年","16000","富山県","1072000","","7.1",""
"2014年","17000","石川県","1157000","","7.8",""
"2014年","18000","福井県","791000","","7.9",""
"2014年","19000","山梨県","841000","","7.3",""
"2014年","20000","長野県","2110000","","7.6",""
"2014年","21000","岐阜県","2043000","","7.5",""
"2014年","22000","静岡県","3715000","","7.9",""
"2014年","23000","愛知県","7464000","","8.9",""
"2014年","24000","三重県","1826000","","7.7",""
"2014年","25000","滋賀県","1414000","","9.1",""
"2014年","26000","京都府","2616000","","7.6",""
"2014年","27000","大阪府","8845000","","8.1",""
"2014年","28000","兵庫県","5550000","","8.1",""
"2014年","29000","奈良県","1373000","","7.0",""
"2014年","30000","和歌山県","972000","","7.4",""
"2014年","31000","鳥取県","577000","","7.9",""
"2014年","32000","島根県","699000","","7.7",""
"2014年","33000","岡山県","1926000","","8.3",""
"2014年","34000","広島県","2846000","","8.5",""
"2014年","35000","山口県","1415000","","7.3",""
"2014年","36000","徳島県","763000","","7.2",""
"2014年","37000","香川県","980000","","8.0",""
"2014年","38000","愛媛県","1396000","","7.5",""
"2014年","39000","高知県","736000","","6.8",""
"2014年","40000","福岡県","5099000","","9.0",""
"2014年","41000","佐賀県","837000","","8.6",""
"2014年","42000","長崎県","1387000","","8.2",""
"2014年","43000","熊本県","1795000","","8.7",""
"2014年","44000","大分県","1173000","","8.0",""
"2014年","45000","宮崎県","1112000","","8.6",""
"2014年","46000","鹿児島県","1662000","","8.6",""
"2014年","47000","沖縄県","1426000","","11.6",""
"2015年","01000","北海道","5381733","","6.8",""
"2015年","02000","青森県","1308265","","6.6",""
"2015年","03000","岩手県","1279594","","6.9",""
"2015年","04000","宮城県","2333899","","7.8",""
"2015年","05000","秋田県","1023119","","5.7",""
"2015年","06000","山形県","1123891","","7.0",""
"2015年","07000","福島県","1914039","","7.5",""
"2015年","08000","茨城県","2916976","","7.5",""
"2015年","09000","栃木県","1974255","","7.9",""
"2015年","10000","群馬県","1973115","","7.4",""
"2015年","11000","埼玉県","7266534","","7.8",""
"2015年","12000","千葉県","6222666","","7.7",""
"2015年","13000","東京都","13515271","","8.6",""
"2015年","14000","神奈川県","9126214","","8.2",""
"2015年","15000","新潟県","2304264","","7.1",""
"2015年","16000","富山県","1066328","","7.2",""
"2015年","17000","石川県","1154008","","7.9",""
"2015年","18000","福井県","786740","","8.0",""
"2015年","19000","山梨県","834930","","7.3",""
"2015年","20000","長野県","2098804","","7.5",""
"2015年","21000","岐阜県","2031903","","7.7",""
"2015年","22000","静岡県","3700305","","7.8",""
"2015年","23000","愛知県","7483128","","9.0",""
"2015年","24000","三重県","1815865","","7.8",""
"2015年","25000","滋賀県","1412916","","9.1",""
"2015年","26000","京都府","2610353","","7.7",""
"2015年","27000","大阪府","8839469","","8.1",""
"2015年","28000","兵庫県","5534800","","8.1",""
"2015年","29000","奈良県","1364316","","7.3",""
"2015年","30000","和歌山県","963579","","7.3",""
"2015年","31000","鳥取県","573441","","8.1",""
"2015年","32000","島根県","694352","","8.1",""
"2015年","33000","岡山県","1921525","","8.2",""
"2015年","34000","広島県","2843990","","8.4",""
"2015年","35000","山口県","1404729","","7.4",""
"2015年","36000","徳島県","755733","","7.4",""
"2015年","37000","香川県","976263","","8.0",""
"2015年","38000","愛媛県","1385262","","7.4",""
"2015年","39000","高知県","728276","","7.0",""
"2015年","40000","福岡県","5101556","","9.0",""
"2015年","41000","佐賀県","832832","","8.5",""
"2015年","42000","長崎県","1377187","","8.0",""
"2015年","43000","熊本県","1786170","","8.8",""
"2015年","44000","大分県","1166338","","7.9",""
"2015年","45000","宮崎県","1104069","","8.4",""
"2015年","46000","鹿児島県","1648177","","8.6",""
"2015年","47000","沖縄県","1433566","","11.9",""
"2016年","01000","北海道","5355000","","6.6",""
"2016年","02000","青森県","1295000","","6.7",""
"2016年","03000","岩手県","1268000","","6.6",""
"2016年","04000","宮城県","2332000","","7.5",""
"2016年","05000","秋田県","1011000","","5.6",""
"2016年","06000","山形県","1114000","","6.8",""
"2016年","07000","福島県","1903000","","7.3",""
"2016年","08000","茨城県","2910000","","7.3",""
"2016年","09000","栃木県","1969000","","7.5",""
"2016年","10000","群馬県","1969000","","7.1",""
"2016年","11000","埼玉県","7288000","","7.6",""
"2016年","12000","千葉県","6242000","","7.4",""
"2016年","13000","東京都","13646000","","8.5",""
"2016年","14000","神奈川県","9152000","","7.9",""
"2016年","15000","新潟県","2286000","","6.9",""
"2016年","16000","富山県","1061000","","7.0",""
"2016年","17000","石川県","1151000","","7.8",""
"2016年","18000","福井県","783000","","7.9",""
"2016年","19000","山梨県","831000","","7.1",""
"2016年","20000","長野県","2091000","","7.4",""
"2016年","21000","岐阜県","2024000","","7.5",""
"2016年","22000","静岡県","3690000","","7.6",""
"2016年","23000","愛知県","7509000","","8.8",""
"2016年","24000","三重県","1809000","","7.5",""
"2016年","25000","滋賀県","1414000","","8.7",""
"2016年","26000","京都府","2608000","","7.6",""
"2016年","27000","大阪府","8841000","","7.9",""
"2016年","28000","兵庫県","5526000","","8.0",""
"2016年","29000","奈良県","1357000","","7.0",""
"2016年","30000","和歌山県","956000","","7.0",""
"2016年","31000","鳥取県","570000","","7.8",""
"2016年","32000","島根県","691000","","7.7",""
"2016年","33000","岡山県","1917000","","8.2",""
"2016年","34000","広島県","2840000","","8.1",""
"2016年","35000","山口県","1394000","","7.1",""
"2016年","36000","徳島県","750000","","7.2",""
"2016年","37000","香川県","973000","","7.8",""
"2016年","38000","愛媛県","1377000","","7.3",""
"2016年","39000","高知県","721000","","6.7",""
"2016年","40000","福岡県","5113000","","8.7",""
"2016年","41000","佐賀県","829000","","8.3",""
"2016年","42000","長崎県","1367000","","8.0",""
"2016年","43000","熊本県","1775000","","8.4",""
"2016年","44000","大分県","1160000","","7.9",""
"2016年","45000","宮崎県","1097000","","8.2",""
"2016年","46000","鹿児島県","1637000","","8.4",""
"2016年","47000","沖縄県","1442000","","11.6",""
"2017年","01000","北海道","5325000","","6.4",""
"2017年","02000","青森県","1282000","","6.3",""
"2017年","03000","岩手県","1254000","","6.5",""
"2017年","04000","宮城県","2326000","","7.2",""
"2017年","05000","秋田県","999000","","5.4",""
"2017年","06000","山形県","1103000","","6.6",""
"2017年","07000","福島県","1886000","","7.1",""
"2017年","08000","茨城県","2902000","","7.2",""
"2017年","09000","栃木県","1962000","","7.3",""
"2017年","10000","群馬県","1963000","","6.9",""
"2017年","11000","埼玉県","7307000","","7.4",""
"2017年","12000","千葉県","6258000","","7.2",""
"2017年","13000","東京都","13768000","","8.2",""
"2017年","14000","神奈川県","9173000","","7.6",""
"2017年","15000","新潟県","2267000","","6.6",""
"2017年","16000","富山県","1056000","","6.9",""
"2017年","17000","石川県","1148000","","7.7",""
"2017年","18000","福井県","780000","","7.6",""
"2017年","19000","山梨県","826000","","7.0",""
"2017年","20000","長野県","2082000","","7.1",""
"2017年","21000","岐阜県","2012000","","7.1",""
"2017年","22000","静岡県","3681000","","7.3",""
"2017年","23000","愛知県","7528000","","8.5",""
"2017年","24000","三重県","1801000","","7.2",""
"2017年","25000","滋賀県","1414000","","8.3",""
"2017年","26000","京都府","2604000","","7.3",""
"2017年","27000","大阪府","8841000","","7.7",""
"2017年","28000","兵庫県","5515000","","7.7",""
"2017年","29000","奈良県","1349000","","6.7",""
"2017年","30000","和歌山県","948000","","6.9",""
"2017年","31000","鳥取県","566000","","7.7",""
"2017年","32000","島根県","687000","","7.5",""
"2017年","33000","岡山県","1911000","","7.9",""
"2017年","34000","広島県","2833000","","7.9",""
"2017年","35000","山口県","1382000","","6.9",""
"2017年","36000","徳島県","744000","","7.0",""
"2017年","37000","香川県","968000","","7.7",""
"2017年","38000","愛媛県","1368000","","7.1",""
"2017年","39000","高知県","714000","","6.8",""
"2017年","40000","福岡県","5123000","","8.6",""
"2017年","41000","佐賀県","825000","","8.2",""
"2017年","42000","長崎県","1355000","","7.8",""
"2017年","43000","熊本県","1767000","","8.4",""
"2017年","44000","大分県","1152000","","7.6",""
"2017年","45000","宮崎県","1091000","","8.1",""
"2017年","46000","鹿児島県","1626000","","8.2",""
"2017年","47000","沖縄県","1448000","","11.3",""
"2018年","01000","北海道","5293000","","6.2",""
"2018年","02000","青森県","1268000","","6.2",""
"2018年","03000","岩手県","1240000","","6.2",""
"2018年","04000","宮城県","2320000","","7.1",""
"2018年","05000","秋田県","985000","","5.2",""
"2018年","06000","山形県","1092000","","6.4",""
"2018年","07000","福島県","1869000","","6.8",""
"2018年","08000","茨城県","2892000","","6.8",""
"2018年","09000","栃木県","1953000","","7.0",""
"2018年","10000","群馬県","1957000","","6.8",""
"2018年","11000","埼玉県","7325000","","7.1",""
"2018年","12000","千葉県","6273000","","7.1",""
"2018年","13000","東京都","13887000","","8.0",""
"2018年","14000","神奈川県","9197000","","7.4",""
"2018年","15000","新潟県","2246000","","6.5",""
"2018年","16000","富山県","1050000","","6.6",""
"2018年","17000","石川県","1145000","","7.4",""
"2018年","18000","福井県","777000","","7.6",""
"2018年","19000","山梨県","821000","","6.9",""
"2018年","20000","長野県","2073000","","7.0",""
"2018年","21000","岐阜県","2001000","","7.0",""
"2018年","22000","静岡県","3667000","","7.0",""
"2018年","23000","愛知県","7541000","","8.4",""
"2018年","24000","三重県","1793000","","7.2",""
"2018年","25000","滋賀県","1414000","","8.2",""
"2018年","26000","京都府","2598000","","7.1",""
"2018年","27000","大阪府","8838000","","7.6",""
"2018年","28000","兵庫県","5501000","","7.4",""
"2018年","29000","奈良県","1341000","","6.7",""
"2018年","30000","和歌山県","940000","","6.5",""
"2018年","31000","鳥取県","562000","","7.5",""
"2018年","32000","島根県","682000","","7.3",""
"2018年","33000","岡山県","1904000","","7.7",""
"2018年","34000","広島県","2824000","","7.7",""
"2018年","35000","山口県","1369000","","6.6",""
"2018年","36000","徳島県","736000","","6.8",""
"2018年","37000","香川県","963000","","7.2",""
"2018年","38000","愛媛県","1357000","","7.0",""
"2018年","39000","高知県","707000","","6.5",""
"2018年","40000","福岡県","5131000","","8.3",""
"2018年","41000","佐賀県","821000","","8.0",""
"2018年","42000","長崎県","1341000","","7.6",""
"2018年","43000","熊本県","1759000","","8.2",""
"2018年","44000","大分県","1143000","","7.2",""
"2018年","45000","宮崎県","1084000","","7.9",""
"2018年","46000","鹿児島県","1614000","","8.1",""
"2018年","47000","沖縄県","1454000","","11.0",""
"2019年","01000","北海道","5259000","","6.0",""
"2019年","02000","青森県","1253000","","5.8",""
"2019年","03000","岩手県","1226000","","5.7",""
"2019年","04000","宮城県","2312000","","6.5",""
"2019年","05000","秋田県","972000","","4.9",""
"2019年","06000","山形県","1080000","","6.0",""
"2019年","07000","福島県","1852000","","6.3",""
"2019年","08000","茨城県","2879000","","6.4",""
"2019年","09000","栃木県","1943000","","6.6",""
"2019年","10000","群馬県","1949000","","6.3",""
"2019年","11000","埼玉県","7342000","","6.7",""
"2019年","12000","千葉県","6283000","","6.6",""
"2019年","13000","東京都","14007000","","7.6",""
"2019年","14000","神奈川県","9224000","","7.0",""
"2019年","15000","新潟県","2224000","","6.2",""
"2019年","16000","富山県","1043000","","6.4",""
"2019年","17000","石川県","1139000","","7.0",""
"2019年","18000","福井県","771000","","7.0",""
"2019年","19000","山梨県","815000","","6.5",""
"2019年","20000","長野県","2061000","","6.7",""
"2019年","21000","岐阜県","1992000","","6.6",""
"2019年","22000","静岡県","3653000","","6.6",""
"2019年","23000","愛知県","7557000","","7.8",""
"2019年","24000","三重県","1783000","","6.7",""
"2019年","25000","滋賀県","1416000","","7.7",""
"2019年","26000","京都府","2592000","","6.7",""
"2019年","27000","大阪府","8842000","","7.3",""
"2019年","28000","兵庫県","5488000","","7.1",""
"2019年","29000","奈良県","1333000","","6.3",""
"2019年","30000","和歌山県","931000","","6.4",""
"2019年","31000","鳥取県","557000","","7.2",""
"2019年","32000","島根県","677000","","6.9",""
"2019年","33000","岡山県","1897000","","7.3",""
"2019年","34000","広島県","2813000","","7.3",""
"2019年","35000","山口県","1357000","","6.5",""
"2019年","36000","徳島県","728000","","6.3",""
"2019年","37000","香川県","958000","","7.0",""
"2019年","38000","愛媛県","1346000","","6.4",""
"2019年","39000","高知県","699000","","6.2",""
"2019年","40000","福岡県","5134000","","7.9",""
"2019年","41000","佐賀県","817000","","7.7",""
"2019年","42000","長崎県","1327000","","7.3",""
"2019年","43000","熊本県","1749000","","7.7",""
"2019年","44000","大分県","1134000","","6.8",""
"2019年","45000","宮崎県","1077000","","7.6",""
"2019年","46000","鹿児島県","1602000","","7.5",""
"2019年","47000","沖縄県","1462000","","10.4",""
"2020年","01000","北海道","5224614","","5.7",""
"2020年","02000","青森県","1237984","","5.5",""
"2020年","03000","岩手県","1210534","","5.6",""
"2020年","04000","宮城県","2301996","","6.4",""
"2020年","05000","秋田県","959502","","4.7",""
"2020年","06000","山形県","1068027","","5.9",""
"2020年","07000","福島県","1833152","","6.2",""
"2020年","08000","茨城県","2867009","","6.2",""
"2020年","09000","栃木県","1933146","","6.2",""
"2020年","10000","群馬県","1939110","","6.2",""
"2020年","11000","埼玉県","7344765","","6.6",""
"2020年","12000","千葉県","6284480","","6.6",""
"2020年","13000","東京都","14047594","","7.4",""
"2020年","14000","神奈川県","9237337","","6.8",""
"2020年","15000","新潟県","2201272","","5.9",""
"2020年","16000","富山県","1034814","","6.1",""
"2020年","17000","石川県","1132526","","6.9",""
"2020年","18000","福井県","766863","","7.1",""
"2020年","19000","山梨県","809974","","6.5",""
"2020年","20000","長野県","2048011","","6.4",""
"2020年","21000","岐阜県","1978742","","6.3",""
"2020年","22000","静岡県","3633202","","6.4",""
"2020年","23000","愛知県","7542415","","7.6",""
"2020年","24000","三重県","1770254","","6.5",""
"2020年","25000","滋賀県","1413610","","7.6",""
"2020年","26000","京都府","2578087","","6.5",""
"2020年","27000","大阪府","8837685","","7.2",""
"2020年","28000","兵庫県","5465002","","6.9",""
"2020年","29000","奈良県","1324473","","6.0",""
"2020年","30000","和歌山県","922584","","6.3",""
"2020年","31000","鳥取県","553407","","6.9",""
"2020年","32000","島根県","671126","","6.8",""
"2020年","33000","岡山県","1888432","","7.3",""
"2020年","34000","広島県","2799702","","7.1",""
"2020年","35000","山口県","1342059","","6.2",""
"2020年","36000","徳島県","719559","","6.3",""
"2020年","37000","香川県","950244","","6.6",""
"2020年","38000","愛媛県","1334841","","6.1",""
"2020年","39000","高知県","691527","","5.9",""
"2020年","40000","福岡県","5135214","","7.7",""
"2020年","41000","佐賀県","811442","","7.5",""
"2020年","42000","長崎県","1312317","","7.0",""
"2020年","43000","熊本県","1738301","","7.6",""
"2020年","44000","大分県","1123852","","6.8",""
"2020年","45000","宮崎県","1069576","","7.3",""
"2020年","46000","鹿児島県","1588256","","7.4",""
"2020年","47000","沖縄県","1467480","","10.3",""
"2021年","01000","北海道","5183000","","5.6","速報"
"2021年","02000","青森県","1221000","","5.4","速報"
"2021年","03000","岩手県","1196000","","5.4","速報"
"2021年","04000","宮城県","2290000","","6.1","速報"
"2021年","05000","秋田県","945000","","4.6","速報"
"2021年","06000","山形県","1055000","","5.6","速報"
"2021年","07000","福島県","1812000","","5.9","速報"
"2021年","08000","茨城県","2852000","","5.9","速報"
"2021年","09000","栃木県","1921000","","6.1","速報"
"2021年","10000","群馬県","1927000","","6.0","速報"
"2021年","11000","埼玉県","7340000","","6.4","速報"
"2021年","12000","千葉県","6275000","","6.3","速報"
"2021年","13000","東京都","14010000","","7.1","速報"
"2021年","14000","神奈川県","9236000","","6.5","速報"
"2021年","15000","新潟県","2177000","","5.8","速報"
"2021年","16000","富山県","1025000","","6.0","速報"
"2021年","17000","石川県","1125000","","6.5","速報"
"2021年","18000","福井県","760000","","7.0","速報"
"2021年","19000","山梨県","805000","","6.3","速報"
"2021年","20000","長野県","2033000","","6.3","速報"
"2021年","21000","岐阜県","1961000","","6.2","速報"
"2021年","22000","静岡県","3608000","","6.1","速報"
"2021年","23000","愛知県","7517000","","7.4","速報"
"2021年","24000","三重県","1756000","","6.4","速報"
"2021年","25000","滋賀県","1411000","","7.4","速報"
"2021年","26000","京都府","2561000","","6.3","速報"
"2021年","27000","大阪府","8806000","","7.0","速報"
"2021年","28000","兵庫県","5432000","","6.7","速報"
"2021年","29000","奈良県","1315000","","6.0","速報"
"2021年","30000","和歌山県","914000","","6.1","速報"
"2021年","31000","鳥取県","549000","","6.8","速報"
"2021年","32000","島根県","665000","","6.7","速報"
"2021年","33000","岡山県","1876000","","7.1","速報"
"2021年","34000","広島県","2780000","","6.8","速報"
"2021年","35000","山口県","1328000","","6.1","速報"
"2021年","36000","徳島県","712000","","6.1","速報"
"2021年","37000","香川県","942000","","6.7","速報"
"2021年","38000","愛媛県","1321000","","6.1","速報"
"2021年","39000","高知県","684000","","6.0","速報"
"2021年","40000","福岡県","5124000","","7.4","速報"
"2021年","41000","佐賀県","806000","","7.3","速報"
"2021年","42000","長崎県","1297000","","6.9","速報"
"2021年","43000","熊本県","1728000","","7.4","速報"
"2021年","44000","大分県","1114000","","6.6","速報"
"2021年","45000","宮崎県","1061000","","7.2","速報"
"2021年","46000","鹿児島県","1576000","","7.4","速報"
"2021年","47000","沖縄県","1468000","","10.0","速報"
